window,documents,vocabulary_size,matrix_size,non_zero_values,density_percent,csr_mib,build_seconds,record_type,experiment,pair,word,other_word,cosine,status,vector_size,min_count,epochs,sg,negative,hs,sample,workers,seed,shrink_windows,train_seconds,total_seconds,weights_bytes,cache_origin,model_file_bytes,query,rank,neighbor,query_frequency,neighbor_frequency,shared_context_query_neighbor,direct_cooccurrences,doc_id,jsonl_line,sentence_id,context,dimension,analogy,expected,top1,top5,hit1,hit5,analogy_evaluated,analogy_total,analogy_hit1,analogy_hit5,query_id,gold_doc_id,model,source_rank,top1_doc_id,reciprocal_rank,ndcg5,token_coverage,query_valid,search_ms,queries,queries_with_vector,retrieval_hit1,retrieval_hit5,retrieval_mrr,retrieval_ndcg5,mean_search_ms,snippet,weights_mib,model_file_mib,intuition
1.0,10000,5000.0,"5,000 x 5,000",962037.0,3.848148,11.028717041015625,6.2922175000003335,cooccurrence_statistics,10,,,,,,,,,,,,,,,,,,,,,,,,,,,,,,,,,,,,,,,,,,,,,,,,,,,,,,,,,,,,,,,
2.0,10000,5000.0,"5,000 x 5,000",1801117.0,7.204468,20.6312255859375,8.791887200000929,cooccurrence_statistics,10,,,,,,,,,,,,,,,,,,,,,,,,,,,,,,,,,,,,,,,,,,,,,,,,,,,,,,,,,,,,,,,
5.0,10000,5000.0,"5,000 x 5,000",3534798.0,14.139192,40.47163009643555,15.08648699999867,cooccurrence_statistics,10,,,,,,,,,,,,,,,,,,,,,,,,,,,,,,,,,,,,,,,,,,,,,,,,,,,,,,,,,,,,,,,
1.0,10000,,,,,,,cooccurrence_similarity,10,doctor — physician,doctor,physician,0.8301363515486211,OK,,,,,,,,,,,,,,,,,,,,,,,,,,,,,,,,,,,,,,,,,,,,,,,,,,,,,,,,,,
1.0,10000,,,,,,,cooccurrence_similarity,10,doctor — hospital,doctor,hospital,0.6622396549682718,OK,,,,,,,,,,,,,,,,,,,,,,,,,,,,,,,,,,,,,,,,,,,,,,,,,,,,,,,,,,
1.0,10000,,,,,,,cooccurrence_similarity,10,cat — dog,cat,dog,0.744905636782699,OK,,,,,,,,,,,,,,,,,,,,,,,,,,,,,,,,,,,,,,,,,,,,,,,,,,,,,,,,,,
1.0,10000,,,,,,,cooccurrence_similarity,10,car — automobile,car,automobile,,OOV: automobile,,,,,,,,,,,,,,,,,,,,,,,,,,,,,,,,,,,,,,,,,,,,,,,,,,,,,,,,,,
1.0,10000,,,,,,,cooccurrence_similarity,10,king — queen,king,queen,0.726009602126043,OK,,,,,,,,,,,,,,,,,,,,,,,,,,,,,,,,,,,,,,,,,,,,,,,,,,,,,,,,,,
1.0,10000,,,,,,,cooccurrence_similarity,10,computer — banana,computer,banana,,OOV: banana,,,,,,,,,,,,,,,,,,,,,,,,,,,,,,,,,,,,,,,,,,,,,,,,,,,,,,,,,,
2.0,10000,,,,,,,cooccurrence_similarity,10,doctor — physician,doctor,physician,0.8229460764064774,OK,,,,,,,,,,,,,,,,,,,,,,,,,,,,,,,,,,,,,,,,,,,,,,,,,,,,,,,,,,
2.0,10000,,,,,,,cooccurrence_similarity,10,doctor — hospital,doctor,hospital,0.7542155932028031,OK,,,,,,,,,,,,,,,,,,,,,,,,,,,,,,,,,,,,,,,,,,,,,,,,,,,,,,,,,,
2.0,10000,,,,,,,cooccurrence_similarity,10,cat — dog,cat,dog,0.8264254457924773,OK,,,,,,,,,,,,,,,,,,,,,,,,,,,,,,,,,,,,,,,,,,,,,,,,,,,,,,,,,,
2.0,10000,,,,,,,cooccurrence_similarity,10,car — automobile,car,automobile,,OOV: automobile,,,,,,,,,,,,,,,,,,,,,,,,,,,,,,,,,,,,,,,,,,,,,,,,,,,,,,,,,,
2.0,10000,,,,,,,cooccurrence_similarity,10,king — queen,king,queen,0.8151119581098757,OK,,,,,,,,,,,,,,,,,,,,,,,,,,,,,,,,,,,,,,,,,,,,,,,,,,,,,,,,,,
2.0,10000,,,,,,,cooccurrence_similarity,10,computer — banana,computer,banana,,OOV: banana,,,,,,,,,,,,,,,,,,,,,,,,,,,,,,,,,,,,,,,,,,,,,,,,,,,,,,,,,,
5.0,10000,,,,,,,cooccurrence_similarity,10,doctor — physician,doctor,physician,0.8971563730116818,OK,,,,,,,,,,,,,,,,,,,,,,,,,,,,,,,,,,,,,,,,,,,,,,,,,,,,,,,,,,
5.0,10000,,,,,,,cooccurrence_similarity,10,doctor — hospital,doctor,hospital,0.8249538010884786,OK,,,,,,,,,,,,,,,,,,,,,,,,,,,,,,,,,,,,,,,,,,,,,,,,,,,,,,,,,,
5.0,10000,,,,,,,cooccurrence_similarity,10,cat — dog,cat,dog,0.886765755440481,OK,,,,,,,,,,,,,,,,,,,,,,,,,,,,,,,,,,,,,,,,,,,,,,,,,,,,,,,,,,
5.0,10000,,,,,,,cooccurrence_similarity,10,car — automobile,car,automobile,,OOV: automobile,,,,,,,,,,,,,,,,,,,,,,,,,,,,,,,,,,,,,,,,,,,,,,,,,,,,,,,,,,
5.0,10000,,,,,,,cooccurrence_similarity,10,king — queen,king,queen,0.911984024216193,OK,,,,,,,,,,,,,,,,,,,,,,,,,,,,,,,,,,,,,,,,,,,,,,,,,,,,,,,,,,
5.0,10000,,,,,,,cooccurrence_similarity,10,computer — banana,computer,banana,,OOV: banana,,,,,,,,,,,,,,,,,,,,,,,,,,,,,,,,,,,,,,,,,,,,,,,,,,,,,,,,,,
5.0,10000,55085.0,,,,,1.2474657999700867,training,17/19/20,,,,,,100.0,2.0,10.0,0.0,5.0,0.0,0.001,1.0,42.0,False,45.11642169998959,46.363887499959674,44068000.0,disk,45736056.0,,,,,,,,,,,,,,,,,,,,,,,,,,,,,,,,,,,,,,,,,,,
2.0,10000,55085.0,,,,,1.1699910000315867,training,17/19/20,,,,,,100.0,2.0,10.0,0.0,5.0,0.0,0.001,1.0,42.0,False,47.82154900004389,48.991540000075474,44068000.0,disk,45736056.0,,,,,,,,,,,,,,,,,,,,,,,,,,,,,,,,,,,,,,,,,,,
10.0,10000,55085.0,,,,,1.7953260999638587,training,17/19/20,,,,,,100.0,2.0,10.0,0.0,5.0,0.0,0.001,1.0,42.0,False,67.79143550002482,69.58676159998868,44068000.0,disk,45736058.0,,,,,,,,,,,,,,,,,,,,,,,,,,,,,,,,,,,,,,,,,,,
5.0,10000,55085.0,,,,,1.1338884999859147,training,17/19/20,,,,,,50.0,2.0,10.0,0.0,5.0,0.0,0.001,1.0,42.0,False,61.36276980000548,62.496658299991395,22034000.0,disk,23702053.0,,,,,,,,,,,,,,,,,,,,,,,,,,,,,,,,,,,,,,,,,,,
5.0,10000,55085.0,,,,,1.2189843999803998,training,17/19/20,,,,,,300.0,2.0,10.0,0.0,5.0,0.0,0.001,1.0,42.0,False,76.86809790000552,78.08708229998592,132204000.0,disk,133872061.0,,,,,,,,,,,,,,,,,,,,,,,,,,,,,,,,,,,,,,,,,,,
,10000,,,,,,,top5_neighbors,18,,,,0.7250583171844482,,,,,,,,,,,,,,,,,doctor,1.0,physician,264.0,86.0,,,,,,,,,,,,,,,,,,,,,,,,,,,,,,,,,,,,,,
,10000,,,,,,,top5_neighbors,18,,,,0.6932581067085266,,,,,,,,,,,,,,,,,doctor,2.0,surgeon,264.0,117.0,,,,,,,,,,,,,,,,,,,,,,,,,,,,,,,,,,,,,,
,10000,,,,,,,top5_neighbors,18,,,,0.662611186504364,,,,,,,,,,,,,,,,,doctor,3.0,dentist,264.0,49.0,,,,,,,,,,,,,,,,,,,,,,,,,,,,,,,,,,,,,,
,10000,,,,,,,top5_neighbors,18,,,,0.6553186774253845,,,,,,,,,,,,,,,,,doctor,4.0,medication,264.0,87.0,,,,,,,,,,,,,,,,,,,,,,,,,,,,,,,,,,,,,,
,10000,,,,,,,top5_neighbors,18,,,,0.648402988910675,,,,,,,,,,,,,,,,,doctor,5.0,veterinarian,264.0,20.0,,,,,,,,,,,,,,,,,,,,,,,,,,,,,,,,,,,,,,
,10000,,,,,,,top5_neighbors,18,,,,0.7308168411254883,,,,,,,,,,,,,,,,,hospital,1.0,clinic,356.0,107.0,,,,,,,,,,,,,,,,,,,,,,,,,,,,,,,,,,,,,,
,10000,,,,,,,top5_neighbors,18,,,,0.6355324387550354,,,,,,,,,,,,,,,,,hospital,2.0,medical,356.0,790.0,,,,,,,,,,,,,,,,,,,,,,,,,,,,,,,,,,,,,,
,10000,,,,,,,top5_neighbors,18,,,,0.6345005631446838,,,,,,,,,,,,,,,,,hospital,3.0,emory,356.0,8.0,,,,,,,,,,,,,,,,,,,,,,,,,,,,,,,,,,,,,,
,10000,,,,,,,top5_neighbors,18,,,,0.6249951720237732,,,,,,,,,,,,,,,,,hospital,4.0,nursing,356.0,119.0,,,,,,,,,,,,,,,,,,,,,,,,,,,,,,,,,,,,,,
,10000,,,,,,,top5_neighbors,18,,,,0.6192006468772888,,,,,,,,,,,,,,,,,hospital,5.0,tucson,356.0,13.0,,,,,,,,,,,,,,,,,,,,,,,,,,,,,,,,,,,,,,
,10000,,,,,,,top5_neighbors,18,,,,0.7099505066871643,,,,,,,,,,,,,,,,,patient,1.0,diagnosis,320.0,98.0,,,,,,,,,,,,,,,,,,,,,,,,,,,,,,,,,,,,,,
,10000,,,,,,,top5_neighbors,18,,,,0.6364884972572327,,,,,,,,,,,,,,,,,patient,2.0,physician,320.0,86.0,,,,,,,,,,,,,,,,,,,,,,,,,,,,,,,,,,,,,,
,10000,,,,,,,top5_neighbors,18,,,,0.62967848777771,,,,,,,,,,,,,,,,,patient,3.0,medication,320.0,87.0,,,,,,,,,,,,,,,,,,,,,,,,,,,,,,,,,,,,,,
,10000,,,,,,,top5_neighbors,18,,,,0.6209695339202881,,,,,,,,,,,,,,,,,patient,4.0,patients,320.0,547.0,,,,,,,,,,,,,,,,,,,,,,,,,,,,,,,,,,,,,,
,10000,,,,,,,top5_neighbors,18,,,,0.6154659986495972,,,,,,,,,,,,,,,,,patient,5.0,illness,320.0,88.0,,,,,,,,,,,,,,,,,,,,,,,,,,,,,,,,,,,,,,
,10000,,,,,,,top5_neighbors,18,,,,0.8442102074623108,,,,,,,,,,,,,,,,,disease,1.0,chronic,368.0,109.0,,,,,,,,,,,,,,,,,,,,,,,,,,,,,,,,,,,,,,
,10000,,,,,,,top5_neighbors,18,,,,0.8199111819267273,,,,,,,,,,,,,,,,,disease,2.0,syndrome,368.0,52.0,,,,,,,,,,,,,,,,,,,,,,,,,,,,,,,,,,,,,,
,10000,,,,,,,top5_neighbors,18,,,,0.8124160170555115,,,,,,,,,,,,,,,,,disease,3.0,infection,368.0,94.0,,,,,,,,,,,,,,,,,,,,,,,,,,,,,,,,,,,,,,
,10000,,,,,,,top5_neighbors,18,,,,0.8034747242927551,,,,,,,,,,,,,,,,,disease,4.0,infections,368.0,69.0,,,,,,,,,,,,,,,,,,,,,,,,,,,,,,,,,,,,,,
,10000,,,,,,,top5_neighbors,18,,,,0.8023979067802429,,,,,,,,,,,,,,,,,disease,5.0,severe,368.0,124.0,,,,,,,,,,,,,,,,,,,,,,,,,,,,,,,,,,,,,,
,10000,,,,,,,top5_neighbors,18,,,,0.7295036315917969,,,,,,,,,,,,,,,,,computer,1.0,device,622.0,384.0,,,,,,,,,,,,,,,,,,,,,,,,,,,,,,,,,,,,,,
,10000,,,,,,,top5_neighbors,18,,,,0.6791613698005676,,,,,,,,,,,,,,,,,computer,2.0,desktop,622.0,107.0,,,,,,,,,,,,,,,,,,,,,,,,,,,,,,,,,,,,,,
,10000,,,,,,,top5_neighbors,18,,,,0.6618398427963257,,,,,,,,,,,,,,,,,computer,3.0,software,622.0,844.0,,,,,,,,,,,,,,,,,,,,,,,,,,,,,,,,,,,,,,
,10000,,,,,,,top5_neighbors,18,,,,0.65149986743927,,,,,,,,,,,,,,,,,computer,4.0,server,622.0,394.0,,,,,,,,,,,,,,,,,,,,,,,,,,,,,,,,,,,,,,
,10000,,,,,,,top5_neighbors,18,,,,0.6461972594261169,,,,,,,,,,,,,,,,,computer,5.0,browser,622.0,154.0,,,,,,,,,,,,,,,,,,,,,,,,,,,,,,,,,,,,,,
,10000,,,,,,,top5_neighbors,18,,,,0.793214738368988,,,,,,,,,,,,,,,,,football,1.0,replica,573.0,183.0,,,,,,,,,,,,,,,,,,,,,,,,,,,,,,,,,,,,,,
,10000,,,,,,,top5_neighbors,18,,,,0.5796341300010681,,,,,,,,,,,,,,,,,football,2.0,baseball,573.0,72.0,,,,,,,,,,,,,,,,,,,,,,,,,,,,,,,,,,,,,,
,10000,,,,,,,top5_neighbors,18,,,,0.5403821468353271,,,,,,,,,,,,,,,,,football,3.0,shirt,573.0,289.0,,,,,,,,,,,,,,,,,,,,,,,,,,,,,,,,,,,,,,
,10000,,,,,,,top5_neighbors,18,,,,0.5398998260498047,,,,,,,,,,,,,,,,,football,4.0,basketball,573.0,96.0,,,,,,,,,,,,,,,,,,,,,,,,,,,,,,,,,,,,,,
,10000,,,,,,,top5_neighbors,18,,,,0.5277784466743469,,,,,,,,,,,,,,,,,football,5.0,demon,573.0,21.0,,,,,,,,,,,,,,,,,,,,,,,,,,,,,,,,,,,,,,
,10000,,,,,,,top5_neighbors,18,,,,0.7250637412071228,,,,,,,,,,,,,,,,,banana,1.0,cinnamon,42.0,35.0,,,,,,,,,,,,,,,,,,,,,,,,,,,,,,,,,,,,,,
,10000,,,,,,,top5_neighbors,18,,,,0.7211669087409973,,,,,,,,,,,,,,,,,banana,2.0,parsley,42.0,16.0,,,,,,,,,,,,,,,,,,,,,,,,,,,,,,,,,,,,,,
,10000,,,,,,,top5_neighbors,18,,,,0.7142412662506104,,,,,,,,,,,,,,,,,banana,3.0,onions,42.0,51.0,,,,,,,,,,,,,,,,,,,,,,,,,,,,,,,,,,,,,,
,10000,,,,,,,top5_neighbors,18,,,,0.7077773809432983,,,,,,,,,,,,,,,,,banana,4.0,feeder,42.0,23.0,,,,,,,,,,,,,,,,,,,,,,,,,,,,,,,,,,,,,,
,10000,,,,,,,top5_neighbors,18,,,,0.7023730278015137,,,,,,,,,,,,,,,,,banana,5.0,mugs,42.0,9.0,,,,,,,,,,,,,,,,,,,,,,,,,,,,,,,,,,,,,,
,10000,,,,,,,shared_context,18,,,,0.7250583171844482,,,,,,,,,,,,,,,,,doctor,,physician,,,care (9/13); health (8/5); medical (5/6); advice (3/4); said (4/3),0.0,,,,,,,,,,,,,,,,,,,,,,,,,,,,,,,,,,,,
,10000,,,,,,,shared_context,18,,,,0.6932581067085266,,,,,,,,,,,,,,,,,doctor,,surgeon,,,eye (18/20); ask (6/6); lasik (6/22); find (4/4); said (4/4),2.0,,,,,,,,,,,,,,,,,,,,,,,,,,,,,,,,,,,,
,10000,,,,,,,shared_context,18,,,,0.662611186504364,,,,,,,,,,,,,,,,,doctor,,dentist,,,visit (6/4); important (3/3); one (3/3); see (5/3); best (3/2),1.0,,,,,,,,,,,,,,,,,,,,,,,,,,,,,,,,,,,,
,10000,,,,,,,shared_context,18,,,,0.6553186774253845,,,,,,,,,,,,,,,,,doctor,,medication,,,order (7/3); time (6/3); appropriate (2/2); care (9/2); eye (18/2),1.0,,,,,,,,,,,,,,,,,,,,,,,,,,,,,,,,,,,,
,10000,,,,,,,shared_context,18,,,,0.648402988910675,,,,,,,,,,,,,,,,,doctor,,veterinarian,,,call (2/2); consult (8/2); visit (6/2); able (1/1); ask (6/1),0.0,,,,,,,,,,,,,,,,,,,,,,,,,,,,,,,,,,,,
,10000,,,,,,,shared_context,18,,,,0.7308168411254883,,,,,,,,,,,,,,,,,hospital,,clinic,,,health (15/8); care (14/7); affiliated (5/5); local (6/5); center (5/3),3.0,,,,,,,,,,,,,,,,,,,,,,,,,,,,,,,,,,,,
,10000,,,,,,,shared_context,18,,,,0.6355324387550354,,,,,,,,,,,,,,,,,hospital,,medical,,,university (29/38); health (15/31); care (14/33); patients (9/18); first (7/7),15.0,,,,,,,,,,,,,,,,,,,,,,,,,,,,,,,,,,,,
,10000,,,,,,,shared_context,18,,,,0.6345005631446838,,,,,,,,,,,,,,,,,hospital,,emory,,,creek (3/3); johns (3/3); university (29/3); attended (1/1); brought (2/1),3.0,,,,,,,,,,,,,,,,,,,,,,,,,,,,,,,,,,,,
,10000,,,,,,,shared_context,18,,,,0.6249951720237732,,,,,,,,,,,,,,,,,hospital,,nursing,,,care (14/14); university (29/7); medical (15/6); choose (3/3); facilities (3/6),1.0,,,,,,,,,,,,,,,,,,,,,,,,,,,,,,,,,,,,
,10000,,,,,,,shared_context,18,,,,0.6192006468772888,,,,,,,,,,,,,,,,,hospital,,tucson,,,medicine (6/2); advocate (1/1); center (5/1); chief (1/2); clinic (3/1),0.0,,,,,,,,,,,,,,,,,,,,,,,,,,,,,,,,,,,,
,10000,,,,,,,shared_context,18,,,,0.7099505066871643,,,,,,,,,,,,,,,,,patient,,diagnosis,,,treatment (6/14); medical (7/4); symptoms (5/4); cancer (3/3); clinical (3/4),1.0,,,,,,,,,,,,,,,,,,,,,,,,,,,,,,,,,,,,
,10000,,,,,,,shared_context,18,,,,0.6364884972572327,,,,,,,,,,,,,,,,,patient,,physician,,,care (29/13); medical (7/6); health (8/5); clinical (3/3); said (3/3),1.0,,,,,,,,,,,,,,,,,,,,,,,,,,,,,,,,,,,,
,10000,,,,,,,shared_context,18,,,,0.62967848777771,,,,,,,,,,,,,,,,,patient,,medication,,,including (11/3); oral (4/3); taking (3/3); time (5/3); treatment (6/3),2.0,,,,,,,,,,,,,,,,,,,,,,,,,,,,,,,,,,,,
,10000,,,,,,,shared_context,18,,,,0.6209695339202881,,,,,,,,,,,,,,,,,patient,,patients,,,care (29/19); health (8/10); information (7/7); medical (7/18); treatment (6/16),1.0,,,,,,,,,,,,,,,,,,,,,,,,,,,,,,,,,,,,
,10000,,,,,,,shared_context,18,,,,0.6154659986495972,,,,,,,,,,,,,,,,,patient,,illness,,,health (8/4); symptoms (5/3); care (29/2); death (2/4); experience (5/2),0.0,,,,,,,,,,,,,,,,,,,,,,,,,,,,,,,,,,,,
,10000,,,,,,,shared_context,18,,,,0.8442102074623108,,,,,,,,,,,,,,,,,disease,,chronic,,,patients (18/14); diseases (10/7); pulmonary (6/6); health (9/5); treatment (5/5),13.0,,,,,,,,,,,,,,,,,,,,,,,,,,,,,,,,,,,,
,10000,,,,,,,shared_context,18,,,,0.8199111819267273,,,,,,,,,,,,,,,,,disease,,syndrome,,,heart (39/4); bowel (3/3); called (3/3); chronic (13/3); people (7/3),3.0,,,,,,,,,,,,,,,,,,,,,,,,,,,,,,,,,,,,
,10000,,,,,,,shared_context,18,,,,0.8124160170555115,,,,,,,,,,,,,,,,,disease,,infection,,,control (15/8); risk (18/7); chronic (13/6); prevent (9/3); symptoms (4/3),0.0,,,,,,,,,,,,,,,,,,,,,,,,,,,,,,,,,,,,
,10000,,,,,,,shared_context,18,,,,0.8034747242927551,,,,,,,,,,,,,,,,,disease,,infections,,,health (9/3); new (6/3); treat (5/3); while (3/3); among (2/2),1.0,,,,,,,,,,,,,,,,,,,,,,,,,,,,,,,,,,,,
,10000,,,,,,,shared_context,18,,,,0.8023979067802429,,,,,,,,,,,,,,,,,disease,,severe,,,cause (11/7); people (7/7); including (6/5); patients (18/4); symptoms (4/6),1.0,,,,,,,,,,,,,,,,,,,,,,,,,,,,,,,,,,,,
,10000,,,,,,,shared_context,18,,,,0.7295036315917969,,,,,,,,,,,,,,,,,computer,,device,,,use (20/17); used (16/10); using (10/11); new (9/11); network (8/13),2.0,,,,,,,,,,,,,,,,,,,,,,,,,,,,,,,,,,,,
,10000,,,,,,,shared_context,18,,,,0.6791613698005676,,,,,,,,,,,,,,,,,computer,,desktop,,,based (12/17); laptop (13/7); mobile (7/7); applications (9/6); tablet (7/6),8.0,,,,,,,,,,,,,,,,,,,,,,,,,,,,,,,,,,,,
,10000,,,,,,,shared_context,18,,,,0.6618398427963257,,,,,,,,,,,,,,,,,computer,,software,,,use (20/41); used (16/14); best (21/12); data (12/15); security (12/21),29.0,,,,,,,,,,,,,,,,,,,,,,,,,,,,,,,,,,,,
,10000,,,,,,,shared_context,18,,,,0.65149986743927,,,,,,,,,,,,,,,,,computer,,server,,,used (16/10); new (9/15); one (8/10); software (29/8); access (7/7),2.0,,,,,,,,,,,,,,,,,,,,,,,,,,,,,,,,,,,,
,10000,,,,,,,shared_context,18,,,,0.6461972594261169,,,,,,,,,,,,,,,,,computer,,browser,,,save (7/7); use (20/7); using (10/7); cookies (6/7); based (12/5),1.0,,,,,,,,,,,,,,,,,,,,,,,,,,,,,,,,,,,,
,10000,,,,,,,shared_context,18,,,,0.793214738368988,,,,,,,,,,,,,,,,,football,,replica,,,shirt (245/171); united (112/41); kingdom (110/36); shirts (174/32); kits (89/26),254.0,,,,,,,,,,,,,,,,,,,,,,,,,,,,,,,,,,,,
,10000,,,,,,,shared_context,18,,,,0.5796341300010681,,,,,,,,,,,,,,,,,football,,baseball,,,play (9/8); national (11/7); league (13/6); player (11/6); team (13/6),2.0,,,,,,,,,,,,,,,,,,,,,,,,,,,,,,,,,,,,
,10000,,,,,,,shared_context,18,,,,0.5403821468353271,,,,,,,,,,,,,,,,,football,,shirt,,,replica (254/171); kingdom (110/43); kits (89/37); shirts (174/32); united (112/24),245.0,,,,,,,,,,,,,,,,,,,,,,,,,,,,,,,,,,,,
,10000,,,,,,,shared_context,18,,,,0.5398998260498047,,,,,,,,,,,,,,,,,football,,basketball,,,college (15/14); team (13/10); play (9/11); player (11/7); game (5/6),4.0,,,,,,,,,,,,,,,,,,,,,,,,,,,,,,,,,,,,
,10000,,,,,,,shared_context,18,,,,0.5277784466743469,,,,,,,,,,,,,,,,,football,,demon,,,replica (254/4); shirt (245/3); crystals (2/2); made (2/2); man (2/3),7.0,,,,,,,,,,,,,,,,,,,,,,,,,,,,,,,,,,,,
,10000,,,,,,,shared_context,18,,,,0.7250637412071228,,,,,,,,,,,,,,,,,banana,,cinnamon,,,add (2/3); bowl (1/2); chocolate (1/1); flakes (1/1); green (2/1),0.0,,,,,,,,,,,,,,,,,,,,,,,,,,,,,,,,,,,,
,10000,,,,,,,shared_context,18,,,,0.7211669087409973,,,,,,,,,,,,,,,,,banana,,parsley,,,add (2/4); blender (1/1); peppers (2/1); whole (1/1),0.0,,,,,,,,,,,,,,,,,,,,,,,,,,,,,,,,,,,,
,10000,,,,,,,shared_context,18,,,,0.7142412662506104,,,,,,,,,,,,,,,,,banana,,onions,,,add (2/11); green (2/4); pan (2/2); peppers (2/4); carrots (1/3),0.0,,,,,,,,,,,,,,,,,,,,,,,,,,,,,,,,,,,,
,10000,,,,,,,shared_context,18,,,,0.7077773809432983,,,,,,,,,,,,,,,,,banana,,feeder,,,bowl (1/5),0.0,,,,,,,,,,,,,,,,,,,,,,,,,,,,,,,,,,,,
,10000,,,,,,,shared_context,18,,,,0.7023730278015137,,,,,,,,,,,,,,,,,banana,,mugs,,,coffee (1/2),0.0,,,,,,,,,,,,,,,,,,,,,,,,,,,,,,,,,,,,
,10000,,,,,,,corpus_context,18,,banana,,,,,,,,,,,,,,,,,,,,,,,,,,16.0,16.0,88.0,cake pan a square brownie pan and a [banana] bread meatloaf pan,,,,,,,,,,,,,,,,,,,,,,,,,,,,,,,,
,10000,,,,,,,corpus_context,18,,banana,,,,,,,,,,,,,,,,,,,,,,,,,,514.0,514.0,20.0,weak faltering minds like green [banana] trees are not fit fuel to feed this,,,,,,,,,,,,,,,,,,,,,,,,,,,,,,,,
,10000,,,,,,,corpus_context,18,,baseball,,,,,,,,,,,,,,,,,,,,,,,,,,13.0,13.0,4.0,the [baseball] writer and the national baseball hall of fame,,,,,,,,,,,,,,,,,,,,,,,,,,,,,,,,
,10000,,,,,,,corpus_context,18,,baseball,,,,,,,,,,,,,,,,,,,,,,,,,,148.0,148.0,1.0,quinta hs was named today to the 2004 [baseball] america freshman all america team,,,,,,,,,,,,,,,,,,,,,,,,,,,,,,,,
,10000,,,,,,,corpus_context,18,,basketball,,,,,,,,,,,,,,,,,,,,,,,,,,155.0,155.0,3.0,shooting host augsburg team saturday in conference men's [basketball] play in minneapolis,,,,,,,,,,,,,,,,,,,,,,,,,,,,,,,,
,10000,,,,,,,corpus_context,18,,basketball,,,,,,,,,,,,,,,,,,,,,,,,,,174.0,174.0,1.0,injury everyone is asking will he ever play [basketball] again,,,,,,,,,,,,,,,,,,,,,,,,,,,,,,,,
,10000,,,,,,,corpus_context,18,,browser,,,,,,,,,,,,,,,,,,,,,,,,,,80.0,80.0,18.0,an app and 69 percent utilized a mobile [browser] dwarfing the 31 percent using sms text messaging,,,,,,,,,,,,,,,,,,,,,,,,,,,,,,,,
,10000,,,,,,,corpus_context,18,,browser,,,,,,,,,,,,,,,,,,,,,,,,,,202.0,202.0,20.0,instagram for chrome this one is the best [browser] based application which gives the exact feel of,,,,,,,,,,,,,,,,,,,,,,,,,,,,,,,,
,10000,,,,,,,corpus_context,18,,chronic,,,,,,,,,,,,,,,,,,,,,,,,,,164.0,164.0,1.0,[chronic] kidney illness ckd is recognized by a decrease,,,,,,,,,,,,,,,,,,,,,,,,,,,,,,,,
,10000,,,,,,,corpus_context,18,,chronic,,,,,,,,,,,,,,,,,,,,,,,,,,509.0,509.0,99.0,between having a [chronic] illness and a full time job my house,,,,,,,,,,,,,,,,,,,,,,,,,,,,,,,,
,10000,,,,,,,corpus_context,18,,cinnamon,,,,,,,,,,,,,,,,,,,,,,,,,,398.0,398.0,9.0,gin and finished with cloves all spice and [cinnamon] to give a flavour of christmas,,,,,,,,,,,,,,,,,,,,,,,,,,,,,,,,
,10000,,,,,,,corpus_context,18,,cinnamon,,,,,,,,,,,,,,,,,,,,,,,,,,530.0,530.0,29.0,the skin on and combine with sugar flour [cinnamon] and rum,,,,,,,,,,,,,,,,,,,,,,,,,,,,,,,,
,10000,,,,,,,corpus_context,18,,clinic,,,,,,,,,,,,,,,,,,,,,,,,,,283.0,283.0,3.0,we were the first [clinic] in south africa to receive the dermapen 4,,,,,,,,,,,,,,,,,,,,,,,,,,,,,,,,
,10000,,,,,,,corpus_context,18,,clinic,,,,,,,,,,,,,,,,,,,,,,,,,,557.0,557.0,4.0,telitz 22 from birchwood wis put on another [clinic] during his semi final round,,,,,,,,,,,,,,,,,,,,,,,,,,,,,,,,
,10000,,,,,,,corpus_context,18,,computer,,,,,,,,,,,,,,,,,,,,,,,,,,40.0,40.0,5.0,ireach gives people with little or no [computer] skills the opportunity to learn at their own,,,,,,,,,,,,,,,,,,,,,,,,,,,,,,,,
,10000,,,,,,,corpus_context,18,,computer,,,,,,,,,,,,,,,,,,,,,,,,,,79.0,79.0,12.0,vr videos of people who look real not [computer] generated and move around them make eye contact,,,,,,,,,,,,,,,,,,,,,,,,,,,,,,,,
,10000,,,,,,,corpus_context,18,,demon,,,,,,,,,,,,,,,,,,,,,,,,,,3414.0,3414.0,18.0,prophet to announce to the sickness and the [demon] where he is going,,,,,,,,,,,,,,,,,,,,,,,,,,,,,,,,
,10000,,,,,,,corpus_context,18,,demon,,,,,,,,,,,,,,,,,,,,,,,,,,4279.0,4279.0,12.0,all 3 woods are [demon] possessed,,,,,,,,,,,,,,,,,,,,,,,,,,,,,,,,
,10000,,,,,,,corpus_context,18,,dentist,,,,,,,,,,,,,,,,,,,,,,,,,,61.0,61.0,6.0,during an oral exam your [dentist] will also check for cavities and gum issues,,,,,,,,,,,,,,,,,,,,,,,,,,,,,,,,
,10000,,,,,,,corpus_context,18,,dentist,,,,,,,,,,,,,,,,,,,,,,,,,,298.0,298.0,5.0,when you need a [dentist] in camarillo ca look for professionals willing to,,,,,,,,,,,,,,,,,,,,,,,,,,,,,,,,
,10000,,,,,,,corpus_context,18,,desktop,,,,,,,,,,,,,,,,,,,,,,,,,,52.0,52.0,9.0,mobile device and then upload them from a [desktop] or laptop,,,,,,,,,,,,,,,,,,,,,,,,,,,,,,,,
,10000,,,,,,,corpus_context,18,,desktop,,,,,,,,,,,,,,,,,,,,,,,,,,215.0,215.0,28.0,protocol for connecting modems for laptops tablets and [desktop] computers that provide an internet connection using gsm,,,,,,,,,,,,,,,,,,,,,,,,,,,,,,,,
,10000,,,,,,,corpus_context,18,,device,,,,,,,,,,,,,,,,,,,,,,,,,,44.0,44.0,26.0,smart dns can be configured directly on your [device],,,,,,,,,,,,,,,,,,,,,,,,,,,,,,,,
,10000,,,,,,,corpus_context,18,,device,,,,,,,,,,,,,,,,,,,,,,,,,,52.0,52.0,9.0,the need to download photos from a mobile [device] and then upload them from a desktop or,,,,,,,,,,,,,,,,,,,,,,,,,,,,,,,,
,10000,,,,,,,corpus_context,18,,diagnosis,,,,,,,,,,,,,,,,,,,,,,,,,,245.0,245.0,17.0,now removed once the attending medics confirm a [diagnosis] of suspected concussion,,,,,,,,,,,,,,,,,,,,,,,,,,,,,,,,
,10000,,,,,,,corpus_context,18,,diagnosis,,,,,,,,,,,,,,,,,,,,,,,,,,455.0,455.0,131.0,our healthcare and export allergenic products for the [diagnosis] and immunotherapy of allergic diseases monoclonal antibodies to,,,,,,,,,,,,,,,,,,,,,,,,,,,,,,,,
,10000,,,,,,,corpus_context,18,,disease,,,,,,,,,,,,,,,,,,,,,,,,,,29.0,29.0,13.0,according to a 2007 centers of [disease] control cdc report approximately 72 percent of 8th,,,,,,,,,,,,,,,,,,,,,,,,,,,,,,,,
,10000,,,,,,,corpus_context,18,,disease,,,,,,,,,,,,,,,,,,,,,,,,,,116.0,116.0,7.0,to reduce the number of deaths from the [disease],,,,,,,,,,,,,,,,,,,,,,,,,,,,,,,,
,10000,,,,,,,corpus_context,18,,doctor,,,,,,,,,,,,,,,,,,,,,,,,,,64.0,64.0,336.0,h division deposed that having sent for the [doctor] he gave orders to prevent any persons leaving,,,,,,,,,,,,,,,,,,,,,,,,,,,,,,,,
,10000,,,,,,,corpus_context,18,,doctor,,,,,,,,,,,,,,,,,,,,,,,,,,191.0,191.0,3.0,vital component of the definition of a good [doctor],,,,,,,,,,,,,,,,,,,,,,,,,,,,,,,,
,10000,,,,,,,corpus_context,18,,emory,,,,,,,,,,,,,,,,,,,,,,,,,,2512.0,2512.0,142.0,virginia is a senior at [emory] university majoring in religion and anthropology,,,,,,,,,,,,,,,,,,,,,,,,,,,,,,,,
,10000,,,,,,,corpus_context,18,,emory,,,,,,,,,,,,,,,,,,,,,,,,,,3664.0,3664.0,1.0,social research and brought to you by the [emory] center for digital scholarship and the institute for,,,,,,,,,,,,,,,,,,,,,,,,,,,,,,,,
,10000,,,,,,,corpus_context,18,,feeder,,,,,,,,,,,,,,,,,,,,,,,,,,378.0,378.0,9.0,through several the equipment of mineral processing cover [feeder] crusher ball mill classifier there are two kinds,,,,,,,,,,,,,,,,,,,,,,,,,,,,,,,,
,10000,,,,,,,corpus_context,18,,feeder,,,,,,,,,,,,,,,,,,,,,,,,,,1447.0,1447.0,7.0,vibrating hopper [feeder] for sale vibrating hopper sep 20 2017 welcome,,,,,,,,,,,,,,,,,,,,,,,,,,,,,,,,
,10000,,,,,,,corpus_context,18,,football,,,,,,,,,,,,,,,,,,,,,,,,,,49.0,49.0,11.0,bring some changes to the structure of base [football] at deportivo the most notorious modification is the,,,,,,,,,,,,,,,,,,,,,,,,,,,,,,,,
,10000,,,,,,,corpus_context,18,,football,,,,,,,,,,,,,,,,,,,,,,,,,,303.0,303.0,8.0,the difference between the premier league and french [football],,,,,,,,,,,,,,,,,,,,,,,,,,,,,,,,
,10000,,,,,,,corpus_context,18,,hospital,,,,,,,,,,,,,,,,,,,,,,,,,,113.0,113.0,1.0,part of the renovations performed at the bielefeld [hospital],,,,,,,,,,,,,,,,,,,,,,,,,,,,,,,,
,10000,,,,,,,corpus_context,18,,hospital,,,,,,,,,,,,,,,,,,,,,,,,,,174.0,174.0,5.0,university the basketball player was rushed to the [hospital] and underwent emergency surgery,,,,,,,,,,,,,,,,,,,,,,,,,,,,,,,,
,10000,,,,,,,corpus_context,18,,illness,,,,,,,,,,,,,,,,,,,,,,,,,,96.0,96.0,6.0,therefore they take preventative measures recognize signs of [illness] early and tend to use health care services,,,,,,,,,,,,,,,,,,,,,,,,,,,,,,,,
,10000,,,,,,,corpus_context,18,,illness,,,,,,,,,,,,,,,,,,,,,,,,,,99.0,99.0,1.0,light source that can be utilized for critical [illness] like laparoscopy without any problem and with utmost,,,,,,,,,,,,,,,,,,,,,,,,,,,,,,,,
,10000,,,,,,,corpus_context,18,,infection,,,,,,,,,,,,,,,,,,,,,,,,,,412.0,412.0,121.0,over a nasty bout with bronchitis upper respiratory [infection] and have not been able to devote much,,,,,,,,,,,,,,,,,,,,,,,,,,,,,,,,
,10000,,,,,,,corpus_context,18,,infection,,,,,,,,,,,,,,,,,,,,,,,,,,595.0,595.0,18.0,that caused a fungal [infection] which doctors quickly caught,,,,,,,,,,,,,,,,,,,,,,,,,,,,,,,,
,10000,,,,,,,corpus_context,18,,infections,,,,,,,,,,,,,,,,,,,,,,,,,,455.0,455.0,121.0,diagnostics treatment and prophylactics of bacterial and viral [infections] including nosocomial and parasitic invasions,,,,,,,,,,,,,,,,,,,,,,,,,,,,,,,,
,10000,,,,,,,corpus_context,18,,infections,,,,,,,,,,,,,,,,,,,,,,,,,,470.0,470.0,4.0,that sudafed and benadryl are good for sinus [infections] i find myself musing on what we mothers,,,,,,,,,,,,,,,,,,,,,,,,,,,,,,,,
,10000,,,,,,,corpus_context,18,,medical,,,,,,,,,,,,,,,,,,,,,,,,,,42.0,42.0,16.0,[medical] kit carried by your trek leader,,,,,,,,,,,,,,,,,,,,,,,,,,,,,,,,
,10000,,,,,,,corpus_context,18,,medical,,,,,,,,,,,,,,,,,,,,,,,,,,64.0,64.0,343.0,i agree with the [medical] evidence as to the condition of the room,,,,,,,,,,,,,,,,,,,,,,,,,,,,,,,,
,10000,,,,,,,corpus_context,18,,medication,,,,,,,,,,,,,,,,,,,,,,,,,,387.0,387.0,7.0,the induction [medication] hadn’t even begun,,,,,,,,,,,,,,,,,,,,,,,,,,,,,,,,
,10000,,,,,,,corpus_context,18,,medication,,,,,,,,,,,,,,,,,,,,,,,,,,1059.0,1059.0,7.0,however various side effects of sleep aids [medication] and patent expiration may hinder the growth of,,,,,,,,,,,,,,,,,,,,,,,,,,,,,,,,
,10000,,,,,,,corpus_context,18,,mugs,,,,,,,,,,,,,,,,,,,,,,,,,,428.0,428.0,25.0,various items prints [mugs] phone covers tote bags etc sporting my veg,,,,,,,,,,,,,,,,,,,,,,,,,,,,,,,,
,10000,,,,,,,corpus_context,18,,mugs,,,,,,,,,,,,,,,,,,,,,,,,,,851.0,851.0,3.0,upcoming live action film have raised their massive [mugs] of beer and put their vocals to test,,,,,,,,,,,,,,,,,,,,,,,,,,,,,,,,
,10000,,,,,,,corpus_context,18,,nursing,,,,,,,,,,,,,,,,,,,,,,,,,,61.0,61.0,21.0,pregnant women and [nursing] mothers should postpone teeth bleaching,,,,,,,,,,,,,,,,,,,,,,,,,,,,,,,,
,10000,,,,,,,corpus_context,18,,nursing,,,,,,,,,,,,,,,,,,,,,,,,,,359.0,359.0,5.0,pregnant or [nursing] women should not take dietary supplements unless directed,,,,,,,,,,,,,,,,,,,,,,,,,,,,,,,,
,10000,,,,,,,corpus_context,18,,onions,,,,,,,,,,,,,,,,,,,,,,,,,,141.0,141.0,9.0,with the obligatory pancakes hoisin sauce and spring [onions],,,,,,,,,,,,,,,,,,,,,,,,,,,,,,,,
,10000,,,,,,,corpus_context,18,,onions,,,,,,,,,,,,,,,,,,,,,,,,,,381.0,381.0,34.0,some foods such as [onions] and garlic as well as beverages that are,,,,,,,,,,,,,,,,,,,,,,,,,,,,,,,,
,10000,,,,,,,corpus_context,18,,parsley,,,,,,,,,,,,,,,,,,,,,,,,,,53.0,53.0,1.0,a small bowl combine fennel capers lemon juice [parsley] and olive oil and set aside,,,,,,,,,,,,,,,,,,,,,,,,,,,,,,,,
,10000,,,,,,,corpus_context,18,,parsley,,,,,,,,,,,,,,,,,,,,,,,,,,428.0,428.0,38.0,boiling fowl with rice and leeks and chopped [parsley] from the garden to garnish it,,,,,,,,,,,,,,,,,,,,,,,,,,,,,,,,
,10000,,,,,,,corpus_context,18,,patient,,,,,,,,,,,,,,,,,,,,,,,,,,113.0,113.0,1.0,nc series toilets were installed in 26 [patient] bathrooms as part of the renovations performed at,,,,,,,,,,,,,,,,,,,,,,,,,,,,,,,,
,10000,,,,,,,corpus_context,18,,patient,,,,,,,,,,,,,,,,,,,,,,,,,,165.0,165.0,38.0,be [patient] work hard and stay focused,,,,,,,,,,,,,,,,,,,,,,,,,,,,,,,,
,10000,,,,,,,corpus_context,18,,patients,,,,,,,,,,,,,,,,,,,,,,,,,,61.0,61.0,17.0,combined with professional grade take home treatments [patients] see an average improvement of 11 shades,,,,,,,,,,,,,,,,,,,,,,,,,,,,,,,,
,10000,,,,,,,corpus_context,18,,patients,,,,,,,,,,,,,,,,,,,,,,,,,,86.0,86.0,5.0,a chiropractic practice that delivers chiropractic services to [patients] in knoxville tn,,,,,,,,,,,,,,,,,,,,,,,,,,,,,,,,
,10000,,,,,,,corpus_context,18,,physician,,,,,,,,,,,,,,,,,,,,,,,,,,130.0,130.0,7.0,ajayi is a board certified family [physician] and maintains an active clinical practice,,,,,,,,,,,,,,,,,,,,,,,,,,,,,,,,
,10000,,,,,,,corpus_context,18,,physician,,,,,,,,,,,,,,,,,,,,,,,,,,169.0,169.0,36.0,of doctors who have been the primary care [physician] for thousands of women how is that improving,,,,,,,,,,,,,,,,,,,,,,,,,,,,,,,,
,10000,,,,,,,corpus_context,18,,replica,,,,,,,,,,,,,,,,,,,,,,,,,,31.0,31.0,9.0,habit is maintained within the absence of direct [replica] through staff,,,,,,,,,,,,,,,,,,,,,,,,,,,,,,,,
,10000,,,,,,,corpus_context,18,,replica,,,,,,,,,,,,,,,,,,,,,,,,,,1041.0,1041.0,4.0,my gamo p25 and my john wayne colt [replica],,,,,,,,,,,,,,,,,,,,,,,,,,,,,,,,
,10000,,,,,,,corpus_context,18,,server,,,,,,,,,,,,,,,,,,,,,,,,,,144.0,144.0,3.0,files are not stored on the torrent trackers [server] but are distributed among a number of,,,,,,,,,,,,,,,,,,,,,,,,,,,,,,,,
,10000,,,,,,,corpus_context,18,,server,,,,,,,,,,,,,,,,,,,,,,,,,,361.0,361.0,6.0,messaging for exchange online office 365 and exchange [server] 2019 what does it mean,,,,,,,,,,,,,,,,,,,,,,,,,,,,,,,,
,10000,,,,,,,corpus_context,18,,severe,,,,,,,,,,,,,,,,,,,,,,,,,,31.0,31.0,1.0,a speciality of geological historical past because the [severe] think about making a choice on the current,,,,,,,,,,,,,,,,,,,,,,,,,,,,,,,,
,10000,,,,,,,corpus_context,18,,severe,,,,,,,,,,,,,,,,,,,,,,,,,,306.0,306.0,19.0,sick mother until her death leading to further [severe] guilt that she has to deal with everyday,,,,,,,,,,,,,,,,,,,,,,,,,,,,,,,,
,10000,,,,,,,corpus_context,18,,shirt,,,,,,,,,,,,,,,,,,,,,,,,,,1.0,1.0,8.0,in the cost will be either a t [shirt] or apron and you will be tasting samples,,,,,,,,,,,,,,,,,,,,,,,,,,,,,,,,
,10000,,,,,,,corpus_context,18,,shirt,,,,,,,,,,,,,,,,,,,,,,,,,,64.0,64.0,331.0,her two men's dirty shirts a little boy's [shirt] a black overcoat a black crepe bonnet with,,,,,,,,,,,,,,,,,,,,,,,,,,,,,,,,
,10000,,,,,,,corpus_context,18,,software,,,,,,,,,,,,,,,,,,,,,,,,,,44.0,44.0,25.0,no need to install or download [software],,,,,,,,,,,,,,,,,,,,,,,,,,,,,,,,
,10000,,,,,,,corpus_context,18,,software,,,,,,,,,,,,,,,,,,,,,,,,,,52.0,52.0,1.0,building a successful [software] platform is done by building software with a,,,,,,,,,,,,,,,,,,,,,,,,,,,,,,,,
,10000,,,,,,,corpus_context,18,,surgeon,,,,,,,,,,,,,,,,,,,,,,,,,,64.0,64.0,306.0,george bagster phillips divisional [surgeon] of police said i was called by the,,,,,,,,,,,,,,,,,,,,,,,,,,,,,,,,
,10000,,,,,,,corpus_context,18,,surgeon,,,,,,,,,,,,,,,,,,,,,,,,,,524.0,524.0,7.0,patrick ergina cardiac [surgeon] at the rvh muhc who treated palov,,,,,,,,,,,,,,,,,,,,,,,,,,,,,,,,
,10000,,,,,,,corpus_context,18,,syndrome,,,,,,,,,,,,,,,,,,,,,,,,,,381.0,381.0,11.0,cause vomiting and in more serious instances serotonin [syndrome] a dangerous condition that raises temperature heart rate,,,,,,,,,,,,,,,,,,,,,,,,,,,,,,,,
,10000,,,,,,,corpus_context,18,,syndrome,,,,,,,,,,,,,,,,,,,,,,,,,,1059.0,1059.0,10.0,sleep disorder as insomnia sleep apnea restless legs [syndrome] narcolepsy sleep walking and other sleep disorders,,,,,,,,,,,,,,,,,,,,,,,,,,,,,,,,
,10000,,,,,,,corpus_context,18,,tucson,,,,,,,,,,,,,,,,,,,,,,,,,,3300.0,3300.0,2.0,davidson of a small business in [tucson] az neil benton arts entertainment and have spent,,,,,,,,,,,,,,,,,,,,,,,,,,,,,,,,
,10000,,,,,,,corpus_context,18,,tucson,,,,,,,,,,,,,,,,,,,,,,,,,,3467.0,3467.0,78.0,the university of arizona college of medicine in [tucson] says there are no hard and fast rules,,,,,,,,,,,,,,,,,,,,,,,,,,,,,,,,
,10000,,,,,,,corpus_context,18,,veterinarian,,,,,,,,,,,,,,,,,,,,,,,,,,381.0,381.0,72.0,that remains this may be helpful to your [veterinarian] and any outside experts who assist with the,,,,,,,,,,,,,,,,,,,,,,,,,,,,,,,,
,10000,,,,,,,corpus_context,18,,veterinarian,,,,,,,,,,,,,,,,,,,,,,,,,,1150.0,1150.0,40.0,rockstar when i am a teenager and a [veterinarian] when i am an adult,,,,,,,,,,,,,,,,,,,,,,,,,,,,,,,,
2.0,10000,,,,,,,window_similarity,19,doctor — physician,doctor,physician,0.7745347619056702,OK,,,,,,,,,,,,,,,,,,,,,,,,,,,,,,,,,,,,,,,,,,,,,,,,,,,,,,,,,,
2.0,10000,,,,,,,window_similarity,19,doctor — hospital,doctor,hospital,0.4729609787464142,OK,,,,,,,,,,,,,,,,,,,,,,,,,,,,,,,,,,,,,,,,,,,,,,,,,,,,,,,,,,
2.0,10000,,,,,,,window_similarity,19,cat — dog,cat,dog,0.6638473868370056,OK,,,,,,,,,,,,,,,,,,,,,,,,,,,,,,,,,,,,,,,,,,,,,,,,,,,,,,,,,,
2.0,10000,,,,,,,window_similarity,19,car — automobile,car,automobile,0.47041893005371094,OK,,,,,,,,,,,,,,,,,,,,,,,,,,,,,,,,,,,,,,,,,,,,,,,,,,,,,,,,,,
2.0,10000,,,,,,,window_similarity,19,king — queen,king,queen,0.7303372025489807,OK,,,,,,,,,,,,,,,,,,,,,,,,,,,,,,,,,,,,,,,,,,,,,,,,,,,,,,,,,,
2.0,10000,,,,,,,window_similarity,19,computer — banana,computer,banana,0.15361221134662628,OK,,,,,,,,,,,,,,,,,,,,,,,,,,,,,,,,,,,,,,,,,,,,,,,,,,,,,,,,,,
5.0,10000,,,,,,,window_similarity,19,doctor — physician,doctor,physician,0.725058376789093,OK,,,,,,,,,,,,,,,,,,,,,,,,,,,,,,,,,,,,,,,,,,,,,,,,,,,,,,,,,,
5.0,10000,,,,,,,window_similarity,19,doctor — hospital,doctor,hospital,0.5331318378448486,OK,,,,,,,,,,,,,,,,,,,,,,,,,,,,,,,,,,,,,,,,,,,,,,,,,,,,,,,,,,
5.0,10000,,,,,,,window_similarity,19,cat — dog,cat,dog,0.5778173804283142,OK,,,,,,,,,,,,,,,,,,,,,,,,,,,,,,,,,,,,,,,,,,,,,,,,,,,,,,,,,,
5.0,10000,,,,,,,window_similarity,19,car — automobile,car,automobile,0.334278404712677,OK,,,,,,,,,,,,,,,,,,,,,,,,,,,,,,,,,,,,,,,,,,,,,,,,,,,,,,,,,,
5.0,10000,,,,,,,window_similarity,19,king — queen,king,queen,0.6343807578086853,OK,,,,,,,,,,,,,,,,,,,,,,,,,,,,,,,,,,,,,,,,,,,,,,,,,,,,,,,,,,
5.0,10000,,,,,,,window_similarity,19,computer — banana,computer,banana,0.025674177333712578,OK,,,,,,,,,,,,,,,,,,,,,,,,,,,,,,,,,,,,,,,,,,,,,,,,,,,,,,,,,,
10.0,10000,,,,,,,window_similarity,19,doctor — physician,doctor,physician,0.8066039681434631,OK,,,,,,,,,,,,,,,,,,,,,,,,,,,,,,,,,,,,,,,,,,,,,,,,,,,,,,,,,,
10.0,10000,,,,,,,window_similarity,19,doctor — hospital,doctor,hospital,0.5823892951011658,OK,,,,,,,,,,,,,,,,,,,,,,,,,,,,,,,,,,,,,,,,,,,,,,,,,,,,,,,,,,
10.0,10000,,,,,,,window_similarity,19,cat — dog,cat,dog,0.5993397831916809,OK,,,,,,,,,,,,,,,,,,,,,,,,,,,,,,,,,,,,,,,,,,,,,,,,,,,,,,,,,,
10.0,10000,,,,,,,window_similarity,19,car — automobile,car,automobile,0.33595702052116394,OK,,,,,,,,,,,,,,,,,,,,,,,,,,,,,,,,,,,,,,,,,,,,,,,,,,,,,,,,,,
10.0,10000,,,,,,,window_similarity,19,king — queen,king,queen,0.6169178485870361,OK,,,,,,,,,,,,,,,,,,,,,,,,,,,,,,,,,,,,,,,,,,,,,,,,,,,,,,,,,,
10.0,10000,,,,,,,window_similarity,19,computer — banana,computer,banana,-0.17440705001354218,OK,,,,,,,,,,,,,,,,,,,,,,,,,,,,,,,,,,,,,,,,,,,,,,,,,,,,,,,,,,
,10000,,,,,,,dimension_similarity,20,doctor — physician,doctor,physician,0.7670822143554688,OK,,,,,,,,,,,,,,,,,,,,,,,,,,,50.0,,,,,,,,,,,,,,,,,,,,,,,,,,,,,,,
,10000,,,,,,,dimension_similarity,20,doctor — hospital,doctor,hospital,0.5629306435585022,OK,,,,,,,,,,,,,,,,,,,,,,,,,,,50.0,,,,,,,,,,,,,,,,,,,,,,,,,,,,,,,
,10000,,,,,,,dimension_similarity,20,cat — dog,cat,dog,0.7016897201538086,OK,,,,,,,,,,,,,,,,,,,,,,,,,,,50.0,,,,,,,,,,,,,,,,,,,,,,,,,,,,,,,
,10000,,,,,,,dimension_similarity,20,car — automobile,car,automobile,0.3510558307170868,OK,,,,,,,,,,,,,,,,,,,,,,,,,,,50.0,,,,,,,,,,,,,,,,,,,,,,,,,,,,,,,
,10000,,,,,,,dimension_similarity,20,king — queen,king,queen,0.7112259864807129,OK,,,,,,,,,,,,,,,,,,,,,,,,,,,50.0,,,,,,,,,,,,,,,,,,,,,,,,,,,,,,,
,10000,,,,,,,dimension_similarity,20,computer — banana,computer,banana,0.051698505878448486,OK,,,,,,,,,,,,,,,,,,,,,,,,,,,50.0,,,,,,,,,,,,,,,,,,,,,,,,,,,,,,,
,10000,,,,,,,dimension_similarity,20,doctor — physician,doctor,physician,0.725058376789093,OK,,,,,,,,,,,,,,,,,,,,,,,,,,,100.0,,,,,,,,,,,,,,,,,,,,,,,,,,,,,,,
,10000,,,,,,,dimension_similarity,20,doctor — hospital,doctor,hospital,0.5331318378448486,OK,,,,,,,,,,,,,,,,,,,,,,,,,,,100.0,,,,,,,,,,,,,,,,,,,,,,,,,,,,,,,
,10000,,,,,,,dimension_similarity,20,cat — dog,cat,dog,0.5778173804283142,OK,,,,,,,,,,,,,,,,,,,,,,,,,,,100.0,,,,,,,,,,,,,,,,,,,,,,,,,,,,,,,
,10000,,,,,,,dimension_similarity,20,car — automobile,car,automobile,0.334278404712677,OK,,,,,,,,,,,,,,,,,,,,,,,,,,,100.0,,,,,,,,,,,,,,,,,,,,,,,,,,,,,,,
,10000,,,,,,,dimension_similarity,20,king — queen,king,queen,0.6343807578086853,OK,,,,,,,,,,,,,,,,,,,,,,,,,,,100.0,,,,,,,,,,,,,,,,,,,,,,,,,,,,,,,
,10000,,,,,,,dimension_similarity,20,computer — banana,computer,banana,0.025674177333712578,OK,,,,,,,,,,,,,,,,,,,,,,,,,,,100.0,,,,,,,,,,,,,,,,,,,,,,,,,,,,,,,
,10000,,,,,,,dimension_similarity,20,doctor — physician,doctor,physician,0.7207204699516296,OK,,,,,,,,,,,,,,,,,,,,,,,,,,,300.0,,,,,,,,,,,,,,,,,,,,,,,,,,,,,,,
,10000,,,,,,,dimension_similarity,20,doctor — hospital,doctor,hospital,0.5375867486000061,OK,,,,,,,,,,,,,,,,,,,,,,,,,,,300.0,,,,,,,,,,,,,,,,,,,,,,,,,,,,,,,
,10000,,,,,,,dimension_similarity,20,cat — dog,cat,dog,0.5793056488037109,OK,,,,,,,,,,,,,,,,,,,,,,,,,,,300.0,,,,,,,,,,,,,,,,,,,,,,,,,,,,,,,
,10000,,,,,,,dimension_similarity,20,car — automobile,car,automobile,0.3386441469192505,OK,,,,,,,,,,,,,,,,,,,,,,,,,,,300.0,,,,,,,,,,,,,,,,,,,,,,,,,,,,,,,
,10000,,,,,,,dimension_similarity,20,king — queen,king,queen,0.632849395275116,OK,,,,,,,,,,,,,,,,,,,,,,,,,,,300.0,,,,,,,,,,,,,,,,,,,,,,,,,,,,,,,
,10000,,,,,,,dimension_similarity,20,computer — banana,computer,banana,0.039503175765275955,OK,,,,,,,,,,,,,,,,,,,,,,,,,,,300.0,,,,,,,,,,,,,,,,,,,,,,,,,,,,,,,
,10000,,,,,,,analogy,20/22,,,,,OK,,,,,,,,,,,,,,,,,,,,,,,,,,,50.0,king - man + woman,queen,queen,"queen, shocking, birendra, harry, duo",1.0,1.0,,,,,,,,,,,,,,,,,,,,,,,,,
,10000,,,,,,,analogy,20/22,,,,,OK,,,,,,,,,,,,,,,,,,,,,,,,,,,50.0,paris - france + italy,rome,haven,"haven, opera, theatre, melbourne, madison",0.0,0.0,,,,,,,,,,,,,,,,,,,,,,,,,
,10000,,,,,,,analogy,20/22,,,,,OK,,,,,,,,,,,,,,,,,,,,,,,,,,,50.0,man - boy + girl,woman,woman,"woman, horse, person, satan, modeler",1.0,1.0,,,,,,,,,,,,,,,,,,,,,,,,,
,10000,,,,,,,analogy,20/22,,,,,OK,,,,,,,,,,,,,,,,,,,,,,,,,,,100.0,king - man + woman,queen,queen,"queen, harry, fincham, untitled, duo",1.0,1.0,,,,,,,,,,,,,,,,,,,,,,,,,
,10000,,,,,,,analogy,20/22,,,,,OK,,,,,,,,,,,,,,,,,,,,,,,,,,,100.0,paris - france + italy,rome,opera,"opera, festival, tuscany, theatre, palace",0.0,0.0,,,,,,,,,,,,,,,,,,,,,,,,,
,10000,,,,,,,analogy,20/22,,,,,OK,,,,,,,,,,,,,,,,,,,,,,,,,,,100.0,man - boy + girl,woman,woman,"woman, person, satan, horse, child",1.0,1.0,,,,,,,,,,,,,,,,,,,,,,,,,
,10000,,,,,,,analogy,20/22,,,,,OK,,,,,,,,,,,,,,,,,,,,,,,,,,,300.0,king - man + woman,queen,queen,"queen, fincham, harry, rodgers, duo",1.0,1.0,,,,,,,,,,,,,,,,,,,,,,,,,
,10000,,,,,,,analogy,20/22,,,,,OK,,,,,,,,,,,,,,,,,,,,,,,,,,,300.0,paris - france + italy,rome,opera,"opera, festival, tuscany, palace, theatre",0.0,0.0,,,,,,,,,,,,,,,,,,,,,,,,,
,10000,,,,,,,analogy,20/22,,,,,OK,,,,,,,,,,,,,,,,,,,,,,,,,,,300.0,man - boy + girl,woman,woman,"woman, person, satan, mystery, creature",1.0,1.0,,,,,,,,,,,,,,,,,,,,,,,,,
,10000,,,,,,,analogy_summary,20/22,,,,,,,,,,,,,,,,,,,,,,,,,,,,,,,,50.0,,,,,,,3.0,3.0,0.6666666666666666,0.6666666666666666,,,,,,,,,,,,,,,,,,,,,
,10000,,,,,,,analogy_summary,20/22,,,,,,,,,,,,,,,,,,,,,,,,,,,,,,,,100.0,,,,,,,3.0,3.0,0.6666666666666666,0.6666666666666666,,,,,,,,,,,,,,,,,,,,,
,10000,,,,,,,analogy_summary,20/22,,,,,,,,,,,,,,,,,,,,,,,,,,,,,,,,300.0,,,,,,,3.0,3.0,0.6666666666666666,0.6666666666666666,,,,,,,,,,,,,,,,,,,,,
,10000,,,,,,,retrieval_query_source,20,,,,,,,,,,,,,,,,,,,,,even if there is a mistake due accuracy of the translation we can not be held responsible for all in iwakuni please note,,,,,,,,8133.0,5.0,,,,,,,,,,,,,1.0,8133.0,,,,,,,,,,,,,,,,,,,
,10000,,,,,,,retrieval_query_source,20,,,,,,,,,,,,,,,,,,,,,having both the lowest price and an innvovative service stands for excel next originality,,,,,,,,8269.0,3.0,,,,,,,,,,,,,2.0,8269.0,,,,,,,,,,,,,,,,,,,
,10000,,,,,,,retrieval_query_source,20,,,,,,,,,,,,,,,,,,,,,one of those species is the indiana bat an endangered species that has experienced rapid declines since the 1960s,,,,,,,,720.0,10.0,,,,,,,,,,,,,3.0,720.0,,,,,,,,,,,,,,,,,,,
,10000,,,,,,,retrieval_query_source,20,,,,,,,,,,,,,,,,,,,,,it is defined as best quality hotel in tirana and it has conference rooms restaurant and luxury accommodation,,,,,,,,8238.0,4.0,,,,,,,,,,,,,4.0,8238.0,,,,,,,,,,,,,,,,,,,
,10000,,,,,,,retrieval_query_source,20,,,,,,,,,,,,,,,,,,,,,according to multiple people familiar with the process durkin was interviewed by investigators on the morning of aug,,,,,,,,4556.0,16.0,,,,,,,,,,,,,5.0,4556.0,,,,,,,,,,,,,,,,,,,
,10000,,,,,,,retrieval_query_source,20,,,,,,,,,,,,,,,,,,,,,note that we are not providing the ctaul host r port information here to reach out to volunteerservice,,,,,,,,6652.0,45.0,,,,,,,,,,,,,6.0,6652.0,,,,,,,,,,,,,,,,,,,
,10000,,,,,,,retrieval_query_source,20,,,,,,,,,,,,,,,,,,,,,we had supper at la caverna and absolutely loved the meal and atmosphere,,,,,,,,5651.0,13.0,,,,,,,,,,,,,7.0,5651.0,,,,,,,,,,,,,,,,,,,
,10000,,,,,,,retrieval_query_source,20,,,,,,,,,,,,,,,,,,,,,specifically the cases of casey stoney and megan rapinoe two openly gay female elite soccer players who have played professionally and represented their respective national teams,,,,,,,,1261.0,2.0,,,,,,,,,,,,,8.0,1261.0,,,,,,,,,,,,,,,,,,,
,10000,,,,,,,retrieval_query_source,20,,,,,,,,,,,,,,,,,,,,,internship at digital republik has helped me be a part of such a revolution gaining the first hand experience of each and every aspect of digital marketing,,,,,,,,645.0,32.0,,,,,,,,,,,,,9.0,645.0,,,,,,,,,,,,,,,,,,,
,10000,,,,,,,retrieval_query_source,20,,,,,,,,,,,,,,,,,,,,,not all industrial design is built of good usable concepts,,,,,,,,9099.0,2.0,,,,,,,,,,,,,10.0,9099.0,,,,,,,,,,,,,,,,,,,
,10000,,,,,,,retrieval_query_source,20,,,,,,,,,,,,,,,,,,,,,with the ever increasing demand for the use of gyms and other such facilities it is imperative that the professional staff take steps to maintain a safe environment in these areas,,,,,,,,3761.0,8.0,,,,,,,,,,,,,11.0,3761.0,,,,,,,,,,,,,,,,,,,
,10000,,,,,,,retrieval_query_source,20,,,,,,,,,,,,,,,,,,,,,my partner and i had an exhibition of our combined work of paintings leadlights at maitland regional art gallery in october 2013,,,,,,,,35.0,6.0,,,,,,,,,,,,,12.0,35.0,,,,,,,,,,,,,,,,,,,
,10000,,,,,,,retrieval_query_source,20,,,,,,,,,,,,,,,,,,,,,i had listed down that i am looking for an internship opportunity as well,,,,,,,,8087.0,49.0,,,,,,,,,,,,,13.0,8087.0,,,,,,,,,,,,,,,,,,,
,10000,,,,,,,retrieval_query_source,20,,,,,,,,,,,,,,,,,,,,,made from lovely faux shrub you won't have to worry about watering the plants year round,,,,,,,,4874.0,2.0,,,,,,,,,,,,,14.0,4874.0,,,,,,,,,,,,,,,,,,,
,10000,,,,,,,retrieval_query_source,20,,,,,,,,,,,,,,,,,,,,,these cables comprise two twisted pair 22 awg color coded tinned copper conductors wrapped in a foil shield and are available in plenum and non plenum jackets,,,,,,,,1539.0,2.0,,,,,,,,,,,,,15.0,1539.0,,,,,,,,,,,,,,,,,,,
,10000,,,,,,,retrieval_query_source,20,,,,,,,,,,,,,,,,,,,,,unraveling the factors that influence spatial genetic variation and population structure is one of the fundamental goals of ecological and landscape genetics,,,,,,,,3356.0,13.0,,,,,,,,,,,,,16.0,3356.0,,,,,,,,,,,,,,,,,,,
,10000,,,,,,,retrieval_query_source,20,,,,,,,,,,,,,,,,,,,,,others like to see the translation before i submit it to the publisher,,,,,,,,889.0,24.0,,,,,,,,,,,,,17.0,889.0,,,,,,,,,,,,,,,,,,,
,10000,,,,,,,retrieval_query_source,20,,,,,,,,,,,,,,,,,,,,,volvo's venture investing fund has acquired a stake in freewire technologies a san francisco based company that has developed a flexible fast charging technology for electric vehicles,,,,,,,,8565.0,2.0,,,,,,,,,,,,,18.0,8565.0,,,,,,,,,,,,,,,,,,,
,10000,,,,,,,retrieval_query_source,20,,,,,,,,,,,,,,,,,,,,,using your fingers break the butter into the flour mixture until it resembles very coarse crumbs even pea sized is fine,,,,,,,,530.0,23.0,,,,,,,,,,,,,19.0,530.0,,,,,,,,,,,,,,,,,,,
,10000,,,,,,,retrieval_query_source,20,,,,,,,,,,,,,,,,,,,,,see the deal is the poll can only handle 18 options which isn't many when you figure all the things that can be done to a car,,,,,,,,9306.0,22.0,,,,,,,,,,,,,20.0,9306.0,,,,,,,,,,,,,,,,,,,
,10000,,,,,,,known_item_retrieval,20,,,,,OK,,,,,,,,,,,,,,,,even if there is a mistake due accuracy of the translation we can not be held responsible for all in iwakuni please note,,,,,,,,,,,50.0,,,,,0.0,0.0,,,,,1.0,8133.0,Word2Vec-50,337.0,8231.0,0.002967359050445104,0.0,1.0,1.0,1.4910999998392072,,,,,,,,,,,
,10000,,,,,,,known_item_retrieval,20,,,,,OK,,,,,,,,,,,,,,,,having both the lowest price and an innvovative service stands for excel next originality,,,,,,,,,,,50.0,,,,,0.0,0.0,,,,,2.0,8269.0,Word2Vec-50,298.0,6248.0,0.003355704697986577,0.0,0.8888888888888888,1.0,1.2533999997685896,,,,,,,,,,,
,10000,,,,,,,known_item_retrieval,20,,,,,OK,,,,,,,,,,,,,,,,one of those species is the indiana bat an endangered species that has experienced rapid declines since the 1960s,,,,,,,,,,,50.0,,,,,0.0,0.0,,,,,3.0,720.0,Word2Vec-50,475.0,7431.0,0.002105263157894737,0.0,1.0,1.0,1.1694999993778765,,,,,,,,,,,
,10000,,,,,,,known_item_retrieval,20,,,,,OK,,,,,,,,,,,,,,,,it is defined as best quality hotel in tirana and it has conference rooms restaurant and luxury accommodation,,,,,,,,,,,50.0,,,,,1.0,1.0,,,,,4.0,8238.0,Word2Vec-50,1.0,8238.0,1.0,1.0,1.0,1.0,1.1162999999214662,,,,,,,,,,,
,10000,,,,,,,known_item_retrieval,20,,,,,OK,,,,,,,,,,,,,,,,according to multiple people familiar with the process durkin was interviewed by investigators on the morning of aug,,,,,,,,,,,50.0,,,,,0.0,0.0,,,,,5.0,4556.0,Word2Vec-50,293.0,8026.0,0.0034129692832764505,0.0,1.0,1.0,1.0373999994044425,,,,,,,,,,,
,10000,,,,,,,known_item_retrieval,20,,,,,OK,,,,,,,,,,,,,,,,note that we are not providing the ctaul host r port information here to reach out to volunteerservice,,,,,,,,,,,50.0,,,,,0.0,0.0,,,,,6.0,6652.0,Word2Vec-50,97.0,1629.0,0.010309278350515464,0.0,0.7777777777777778,1.0,1.0782999997900333,,,,,,,,,,,
,10000,,,,,,,known_item_retrieval,20,,,,,OK,,,,,,,,,,,,,,,,we had supper at la caverna and absolutely loved the meal and atmosphere,,,,,,,,,,,50.0,,,,,0.0,0.0,,,,,7.0,5651.0,Word2Vec-50,55.0,8566.0,0.01818181818181818,0.0,1.0,1.0,1.469500000894186,,,,,,,,,,,
,10000,,,,,,,known_item_retrieval,20,,,,,OK,,,,,,,,,,,,,,,,specifically the cases of casey stoney and megan rapinoe two openly gay female elite soccer players who have played professionally and represented their respective national teams,,,,,,,,,,,50.0,,,,,0.0,0.0,,,,,8.0,1261.0,Word2Vec-50,158.0,3501.0,0.006329113924050633,0.0,0.8947368421052632,1.0,2.785599999697297,,,,,,,,,,,
,10000,,,,,,,known_item_retrieval,20,,,,,OK,,,,,,,,,,,,,,,,internship at digital republik has helped me be a part of such a revolution gaining the first hand experience of each and every aspect of digital marketing,,,,,,,,,,,50.0,,,,,1.0,1.0,,,,,9.0,645.0,Word2Vec-50,1.0,645.0,1.0,1.0,1.0,1.0,1.8916999997600215,,,,,,,,,,,
,10000,,,,,,,known_item_retrieval,20,,,,,OK,,,,,,,,,,,,,,,,not all industrial design is built of good usable concepts,,,,,,,,,,,50.0,,,,,0.0,0.0,,,,,10.0,9099.0,Word2Vec-50,2040.0,7992.0,0.0004901960784313725,0.0,1.0,1.0,2.6264000007358845,,,,,,,,,,,
,10000,,,,,,,known_item_retrieval,20,,,,,OK,,,,,,,,,,,,,,,,with the ever increasing demand for the use of gyms and other such facilities it is imperative that the professional staff take steps to maintain a safe environment in these areas,,,,,,,,,,,50.0,,,,,0.0,0.0,,,,,11.0,3761.0,Word2Vec-50,600.0,9779.0,0.0016666666666666668,0.0,1.0,1.0,8.735400000659865,,,,,,,,,,,
,10000,,,,,,,known_item_retrieval,20,,,,,OK,,,,,,,,,,,,,,,,my partner and i had an exhibition of our combined work of paintings leadlights at maitland regional art gallery in october 2013,,,,,,,,,,,50.0,,,,,0.0,0.0,,,,,12.0,35.0,Word2Vec-50,29.0,232.0,0.034482758620689655,0.0,0.8333333333333334,1.0,3.9596000005985843,,,,,,,,,,,
,10000,,,,,,,known_item_retrieval,20,,,,,OK,,,,,,,,,,,,,,,,i had listed down that i am looking for an internship opportunity as well,,,,,,,,,,,50.0,,,,,0.0,0.0,,,,,13.0,8087.0,Word2Vec-50,247.0,6340.0,0.004048582995951417,0.0,1.0,1.0,4.208899999866844,,,,,,,,,,,
,10000,,,,,,,known_item_retrieval,20,,,,,OK,,,,,,,,,,,,,,,,made from lovely faux shrub you won't have to worry about watering the plants year round,,,,,,,,,,,50.0,,,,,0.0,0.0,,,,,14.0,4874.0,Word2Vec-50,338.0,8887.0,0.0029585798816568047,0.0,1.0,1.0,4.096900000149617,,,,,,,,,,,
,10000,,,,,,,known_item_retrieval,20,,,,,OK,,,,,,,,,,,,,,,,these cables comprise two twisted pair 22 awg color coded tinned copper conductors wrapped in a foil shield and are available in plenum and non plenum jackets,,,,,,,,,,,50.0,,,,,0.0,0.0,,,,,15.0,1539.0,Word2Vec-50,344.0,8554.0,0.0029069767441860465,0.0,0.95,1.0,4.290099999707309,,,,,,,,,,,
,10000,,,,,,,known_item_retrieval,20,,,,,OK,,,,,,,,,,,,,,,,unraveling the factors that influence spatial genetic variation and population structure is one of the fundamental goals of ecological and landscape genetics,,,,,,,,,,,50.0,,,,,0.0,0.0,,,,,16.0,3356.0,Word2Vec-50,32.0,9725.0,0.03125,0.0,1.0,1.0,4.043499999170308,,,,,,,,,,,
,10000,,,,,,,known_item_retrieval,20,,,,,OK,,,,,,,,,,,,,,,,others like to see the translation before i submit it to the publisher,,,,,,,,,,,50.0,,,,,0.0,0.0,,,,,17.0,889.0,Word2Vec-50,109.0,4059.0,0.009174311926605505,0.0,1.0,1.0,3.3373999995092163,,,,,,,,,,,
,10000,,,,,,,known_item_retrieval,20,,,,,OK,,,,,,,,,,,,,,,,volvo's venture investing fund has acquired a stake in freewire technologies a san francisco based company that has developed a flexible fast charging technology for electric vehicles,,,,,,,,,,,50.0,,,,,0.0,1.0,,,,,18.0,8565.0,Word2Vec-50,2.0,7064.0,0.5,0.6309297535714575,1.0,1.0,3.7853000012546545,,,,,,,,,,,
,10000,,,,,,,known_item_retrieval,20,,,,,OK,,,,,,,,,,,,,,,,using your fingers break the butter into the flour mixture until it resembles very coarse crumbs even pea sized is fine,,,,,,,,,,,50.0,,,,,0.0,0.0,,,,,19.0,530.0,Word2Vec-50,110.0,5556.0,0.00909090909090909,0.0,1.0,1.0,3.2998000006045913,,,,,,,,,,,
,10000,,,,,,,known_item_retrieval,20,,,,,OK,,,,,,,,,,,,,,,,see the deal is the poll can only handle 18 options which isn't many when you figure all the things that can be done to a car,,,,,,,,,,,50.0,,,,,0.0,0.0,,,,,20.0,9306.0,Word2Vec-50,99.0,4772.0,0.010101010101010102,0.0,1.0,1.0,3.057500000068103,,,,,,,,,,,
,10000,,,,,,,known_item_retrieval,20,,,,,OK,,,,,,,,,,,,,,,,even if there is a mistake due accuracy of the translation we can not be held responsible for all in iwakuni please note,,,,,,,,,,,100.0,,,,,0.0,0.0,,,,,1.0,8133.0,Word2Vec-100,340.0,3795.0,0.0029411764705882353,0.0,1.0,1.0,1.2884999996458646,,,,,,,,,,,
,10000,,,,,,,known_item_retrieval,20,,,,,OK,,,,,,,,,,,,,,,,having both the lowest price and an innvovative service stands for excel next originality,,,,,,,,,,,100.0,,,,,0.0,0.0,,,,,2.0,8269.0,Word2Vec-100,99.0,8583.0,0.010101010101010102,0.0,0.8888888888888888,1.0,1.2265999994269805,,,,,,,,,,,
,10000,,,,,,,known_item_retrieval,20,,,,,OK,,,,,,,,,,,,,,,,one of those species is the indiana bat an endangered species that has experienced rapid declines since the 1960s,,,,,,,,,,,100.0,,,,,0.0,0.0,,,,,3.0,720.0,Word2Vec-100,339.0,3608.0,0.0029498525073746312,0.0,1.0,1.0,1.1266999990766635,,,,,,,,,,,
,10000,,,,,,,known_item_retrieval,20,,,,,OK,,,,,,,,,,,,,,,,it is defined as best quality hotel in tirana and it has conference rooms restaurant and luxury accommodation,,,,,,,,,,,100.0,,,,,1.0,1.0,,,,,4.0,8238.0,Word2Vec-100,1.0,8238.0,1.0,1.0,1.0,1.0,1.1410999995860038,,,,,,,,,,,
,10000,,,,,,,known_item_retrieval,20,,,,,OK,,,,,,,,,,,,,,,,according to multiple people familiar with the process durkin was interviewed by investigators on the morning of aug,,,,,,,,,,,100.0,,,,,0.0,0.0,,,,,5.0,4556.0,Word2Vec-100,334.0,4329.0,0.0029940119760479044,0.0,1.0,1.0,1.151899999968009,,,,,,,,,,,
,10000,,,,,,,known_item_retrieval,20,,,,,OK,,,,,,,,,,,,,,,,note that we are not providing the ctaul host r port information here to reach out to volunteerservice,,,,,,,,,,,100.0,,,,,0.0,0.0,,,,,6.0,6652.0,Word2Vec-100,64.0,1629.0,0.015625,0.0,0.7777777777777778,1.0,1.1062000012316275,,,,,,,,,,,
,10000,,,,,,,known_item_retrieval,20,,,,,OK,,,,,,,,,,,,,,,,we had supper at la caverna and absolutely loved the meal and atmosphere,,,,,,,,,,,100.0,,,,,0.0,0.0,,,,,7.0,5651.0,Word2Vec-100,47.0,8566.0,0.02127659574468085,0.0,1.0,1.0,1.0865999993256992,,,,,,,,,,,
,10000,,,,,,,known_item_retrieval,20,,,,,OK,,,,,,,,,,,,,,,,specifically the cases of casey stoney and megan rapinoe two openly gay female elite soccer players who have played professionally and represented their respective national teams,,,,,,,,,,,100.0,,,,,0.0,0.0,,,,,8.0,1261.0,Word2Vec-100,161.0,3501.0,0.006211180124223602,0.0,0.8947368421052632,1.0,1.0865999993256992,,,,,,,,,,,
,10000,,,,,,,known_item_retrieval,20,,,,,OK,,,,,,,,,,,,,,,,internship at digital republik has helped me be a part of such a revolution gaining the first hand experience of each and every aspect of digital marketing,,,,,,,,,,,100.0,,,,,1.0,1.0,,,,,9.0,645.0,Word2Vec-100,1.0,645.0,1.0,1.0,1.0,1.0,1.1278000001766486,,,,,,,,,,,
,10000,,,,,,,known_item_retrieval,20,,,,,OK,,,,,,,,,,,,,,,,not all industrial design is built of good usable concepts,,,,,,,,,,,100.0,,,,,0.0,0.0,,,,,10.0,9099.0,Word2Vec-100,1594.0,7992.0,0.0006273525721455458,0.0,1.0,1.0,1.1359000000084052,,,,,,,,,,,
,10000,,,,,,,known_item_retrieval,20,,,,,OK,,,,,,,,,,,,,,,,with the ever increasing demand for the use of gyms and other such facilities it is imperative that the professional staff take steps to maintain a safe environment in these areas,,,,,,,,,,,100.0,,,,,0.0,0.0,,,,,11.0,3761.0,Word2Vec-100,462.0,9779.0,0.0021645021645021645,0.0,1.0,1.0,1.0660999996616738,,,,,,,,,,,
,10000,,,,,,,known_item_retrieval,20,,,,,OK,,,,,,,,,,,,,,,,my partner and i had an exhibition of our combined work of paintings leadlights at maitland regional art gallery in october 2013,,,,,,,,,,,100.0,,,,,0.0,0.0,,,,,12.0,35.0,Word2Vec-100,34.0,8327.0,0.029411764705882353,0.0,0.8333333333333334,1.0,1.0693000003811903,,,,,,,,,,,
,10000,,,,,,,known_item_retrieval,20,,,,,OK,,,,,,,,,,,,,,,,i had listed down that i am looking for an internship opportunity as well,,,,,,,,,,,100.0,,,,,0.0,0.0,,,,,13.0,8087.0,Word2Vec-100,151.0,6340.0,0.006622516556291391,0.0,1.0,1.0,1.4405999991140561,,,,,,,,,,,
,10000,,,,,,,known_item_retrieval,20,,,,,OK,,,,,,,,,,,,,,,,made from lovely faux shrub you won't have to worry about watering the plants year round,,,,,,,,,,,100.0,,,,,0.0,0.0,,,,,14.0,4874.0,Word2Vec-100,402.0,8887.0,0.0024875621890547263,0.0,1.0,1.0,1.3813000005029608,,,,,,,,,,,
,10000,,,,,,,known_item_retrieval,20,,,,,OK,,,,,,,,,,,,,,,,these cables comprise two twisted pair 22 awg color coded tinned copper conductors wrapped in a foil shield and are available in plenum and non plenum jackets,,,,,,,,,,,100.0,,,,,0.0,0.0,,,,,15.0,1539.0,Word2Vec-100,397.0,6778.0,0.0025188916876574307,0.0,0.95,1.0,1.1735000007320195,,,,,,,,,,,
,10000,,,,,,,known_item_retrieval,20,,,,,OK,,,,,,,,,,,,,,,,unraveling the factors that influence spatial genetic variation and population structure is one of the fundamental goals of ecological and landscape genetics,,,,,,,,,,,100.0,,,,,0.0,0.0,,,,,16.0,3356.0,Word2Vec-100,20.0,726.0,0.05,0.0,1.0,1.0,1.1551000006875256,,,,,,,,,,,
,10000,,,,,,,known_item_retrieval,20,,,,,OK,,,,,,,,,,,,,,,,others like to see the translation before i submit it to the publisher,,,,,,,,,,,100.0,,,,,0.0,0.0,,,,,17.0,889.0,Word2Vec-100,76.0,4059.0,0.013157894736842105,0.0,1.0,1.0,1.1404999986552866,,,,,,,,,,,
,10000,,,,,,,known_item_retrieval,20,,,,,OK,,,,,,,,,,,,,,,,volvo's venture investing fund has acquired a stake in freewire technologies a san francisco based company that has developed a flexible fast charging technology for electric vehicles,,,,,,,,,,,100.0,,,,,0.0,1.0,,,,,18.0,8565.0,Word2Vec-100,2.0,7064.0,0.5,0.6309297535714575,1.0,1.0,1.1966000001848442,,,,,,,,,,,
,10000,,,,,,,known_item_retrieval,20,,,,,OK,,,,,,,,,,,,,,,,using your fingers break the butter into the flour mixture until it resembles very coarse crumbs even pea sized is fine,,,,,,,,,,,100.0,,,,,0.0,0.0,,,,,19.0,530.0,Word2Vec-100,104.0,2734.0,0.009615384615384616,0.0,1.0,1.0,1.388000000588363,,,,,,,,,,,
,10000,,,,,,,known_item_retrieval,20,,,,,OK,,,,,,,,,,,,,,,,see the deal is the poll can only handle 18 options which isn't many when you figure all the things that can be done to a car,,,,,,,,,,,100.0,,,,,0.0,0.0,,,,,20.0,9306.0,Word2Vec-100,110.0,4772.0,0.00909090909090909,0.0,1.0,1.0,2.1546000007219845,,,,,,,,,,,
,10000,,,,,,,known_item_retrieval,20,,,,,OK,,,,,,,,,,,,,,,,even if there is a mistake due accuracy of the translation we can not be held responsible for all in iwakuni please note,,,,,,,,,,,300.0,,,,,0.0,0.0,,,,,1.0,8133.0,Word2Vec-300,443.0,3795.0,0.002257336343115124,0.0,1.0,1.0,1.6216999993048375,,,,,,,,,,,
,10000,,,,,,,known_item_retrieval,20,,,,,OK,,,,,,,,,,,,,,,,having both the lowest price and an innvovative service stands for excel next originality,,,,,,,,,,,300.0,,,,,0.0,0.0,,,,,2.0,8269.0,Word2Vec-300,72.0,1655.0,0.013888888888888888,0.0,0.8888888888888888,1.0,1.361900000119931,,,,,,,,,,,
,10000,,,,,,,known_item_retrieval,20,,,,,OK,,,,,,,,,,,,,,,,one of those species is the indiana bat an endangered species that has experienced rapid declines since the 1960s,,,,,,,,,,,300.0,,,,,0.0,0.0,,,,,3.0,720.0,Word2Vec-300,316.0,3608.0,0.0031645569620253164,0.0,1.0,1.0,1.3414000004559057,,,,,,,,,,,
,10000,,,,,,,known_item_retrieval,20,,,,,OK,,,,,,,,,,,,,,,,it is defined as best quality hotel in tirana and it has conference rooms restaurant and luxury accommodation,,,,,,,,,,,300.0,,,,,1.0,1.0,,,,,4.0,8238.0,Word2Vec-300,1.0,8238.0,1.0,1.0,1.0,1.0,1.2740999991365243,,,,,,,,,,,
,10000,,,,,,,known_item_retrieval,20,,,,,OK,,,,,,,,,,,,,,,,according to multiple people familiar with the process durkin was interviewed by investigators on the morning of aug,,,,,,,,,,,300.0,,,,,0.0,0.0,,,,,5.0,4556.0,Word2Vec-300,471.0,4329.0,0.0021231422505307855,0.0,1.0,1.0,1.2682000015047379,,,,,,,,,,,
,10000,,,,,,,known_item_retrieval,20,,,,,OK,,,,,,,,,,,,,,,,note that we are not providing the ctaul host r port information here to reach out to volunteerservice,,,,,,,,,,,300.0,,,,,0.0,0.0,,,,,6.0,6652.0,Word2Vec-300,62.0,1629.0,0.016129032258064516,0.0,0.7777777777777778,1.0,1.2609999994310783,,,,,,,,,,,
,10000,,,,,,,known_item_retrieval,20,,,,,OK,,,,,,,,,,,,,,,,we had supper at la caverna and absolutely loved the meal and atmosphere,,,,,,,,,,,300.0,,,,,0.0,0.0,,,,,7.0,5651.0,Word2Vec-300,34.0,985.0,0.029411764705882353,0.0,1.0,1.0,1.6634999992675148,,,,,,,,,,,
,10000,,,,,,,known_item_retrieval,20,,,,,OK,,,,,,,,,,,,,,,,specifically the cases of casey stoney and megan rapinoe two openly gay female elite soccer players who have played professionally and represented their respective national teams,,,,,,,,,,,300.0,,,,,0.0,0.0,,,,,8.0,1261.0,Word2Vec-300,161.0,3501.0,0.006211180124223602,0.0,0.8947368421052632,1.0,2.116800000294461,,,,,,,,,,,
,10000,,,,,,,known_item_retrieval,20,,,,,OK,,,,,,,,,,,,,,,,internship at digital republik has helped me be a part of such a revolution gaining the first hand experience of each and every aspect of digital marketing,,,,,,,,,,,300.0,,,,,1.0,1.0,,,,,9.0,645.0,Word2Vec-300,1.0,645.0,1.0,1.0,1.0,1.0,1.5132999997149454,,,,,,,,,,,
,10000,,,,,,,known_item_retrieval,20,,,,,OK,,,,,,,,,,,,,,,,not all industrial design is built of good usable concepts,,,,,,,,,,,300.0,,,,,0.0,0.0,,,,,10.0,9099.0,Word2Vec-300,1540.0,7992.0,0.0006493506493506494,0.0,1.0,1.0,1.4278999988164287,,,,,,,,,,,
,10000,,,,,,,known_item_retrieval,20,,,,,OK,,,,,,,,,,,,,,,,with the ever increasing demand for the use of gyms and other such facilities it is imperative that the professional staff take steps to maintain a safe environment in these areas,,,,,,,,,,,300.0,,,,,0.0,0.0,,,,,11.0,3761.0,Word2Vec-300,323.0,9779.0,0.0030959752321981426,0.0,1.0,1.0,1.3516999988496536,,,,,,,,,,,
,10000,,,,,,,known_item_retrieval,20,,,,,OK,,,,,,,,,,,,,,,,my partner and i had an exhibition of our combined work of paintings leadlights at maitland regional art gallery in october 2013,,,,,,,,,,,300.0,,,,,0.0,0.0,,,,,12.0,35.0,Word2Vec-300,32.0,8327.0,0.03125,0.0,0.8333333333333334,1.0,1.2806000013370067,,,,,,,,,,,
,10000,,,,,,,known_item_retrieval,20,,,,,OK,,,,,,,,,,,,,,,,i had listed down that i am looking for an internship opportunity as well,,,,,,,,,,,300.0,,,,,0.0,0.0,,,,,13.0,8087.0,Word2Vec-300,122.0,6340.0,0.00819672131147541,0.0,1.0,1.0,1.2810999996872852,,,,,,,,,,,
,10000,,,,,,,known_item_retrieval,20,,,,,OK,,,,,,,,,,,,,,,,made from lovely faux shrub you won't have to worry about watering the plants year round,,,,,,,,,,,300.0,,,,,0.0,0.0,,,,,14.0,4874.0,Word2Vec-300,349.0,3668.0,0.0028653295128939827,0.0,1.0,1.0,1.290500000322936,,,,,,,,,,,
,10000,,,,,,,known_item_retrieval,20,,,,,OK,,,,,,,,,,,,,,,,these cables comprise two twisted pair 22 awg color coded tinned copper conductors wrapped in a foil shield and are available in plenum and non plenum jackets,,,,,,,,,,,300.0,,,,,0.0,0.0,,,,,15.0,1539.0,Word2Vec-300,415.0,6778.0,0.0024096385542168677,0.0,0.95,1.0,1.279100000829203,,,,,,,,,,,
,10000,,,,,,,known_item_retrieval,20,,,,,OK,,,,,,,,,,,,,,,,unraveling the factors that influence spatial genetic variation and population structure is one of the fundamental goals of ecological and landscape genetics,,,,,,,,,,,300.0,,,,,0.0,0.0,,,,,16.0,3356.0,Word2Vec-300,18.0,726.0,0.05555555555555555,0.0,1.0,1.0,1.279199999771663,,,,,,,,,,,
,10000,,,,,,,known_item_retrieval,20,,,,,OK,,,,,,,,,,,,,,,,others like to see the translation before i submit it to the publisher,,,,,,,,,,,300.0,,,,,0.0,0.0,,,,,17.0,889.0,Word2Vec-300,93.0,4059.0,0.010752688172043012,0.0,1.0,1.0,1.2227999995957362,,,,,,,,,,,
,10000,,,,,,,known_item_retrieval,20,,,,,OK,,,,,,,,,,,,,,,,volvo's venture investing fund has acquired a stake in freewire technologies a san francisco based company that has developed a flexible fast charging technology for electric vehicles,,,,,,,,,,,300.0,,,,,0.0,1.0,,,,,18.0,8565.0,Word2Vec-300,2.0,7064.0,0.5,0.6309297535714575,1.0,1.0,1.9754000004468253,,,,,,,,,,,
,10000,,,,,,,known_item_retrieval,20,,,,,OK,,,,,,,,,,,,,,,,using your fingers break the butter into the flour mixture until it resembles very coarse crumbs even pea sized is fine,,,,,,,,,,,300.0,,,,,0.0,0.0,,,,,19.0,530.0,Word2Vec-300,102.0,2734.0,0.00980392156862745,0.0,1.0,1.0,2.324199998838594,,,,,,,,,,,
,10000,,,,,,,known_item_retrieval,20,,,,,OK,,,,,,,,,,,,,,,,see the deal is the poll can only handle 18 options which isn't many when you figure all the things that can be done to a car,,,,,,,,,,,300.0,,,,,0.0,0.0,,,,,20.0,9306.0,Word2Vec-300,97.0,4772.0,0.010309278350515464,0.0,1.0,1.0,1.4628999997512437,,,,,,,,,,,
,10000,,,,,,,known_item_retrieval,20,,,,,OK,,,,,,,,,,,,,,,,even if there is a mistake due accuracy of the translation we can not be held responsible for all in iwakuni please note,,,,,,,,,,,,,,,,1.0,1.0,,,,,1.0,8133.0,TF-IDF,1.0,8133.0,1.0,1.0,1.0,1.0,5.691200000001118,,,,,,,,,,,
,10000,,,,,,,known_item_retrieval,20,,,,,OK,,,,,,,,,,,,,,,,having both the lowest price and an innvovative service stands for excel next originality,,,,,,,,,,,,,,,,1.0,1.0,,,,,2.0,8269.0,TF-IDF,1.0,8269.0,1.0,1.0,0.8888888888888888,1.0,4.943300000377349,,,,,,,,,,,
,10000,,,,,,,known_item_retrieval,20,,,,,OK,,,,,,,,,,,,,,,,one of those species is the indiana bat an endangered species that has experienced rapid declines since the 1960s,,,,,,,,,,,,,,,,0.0,0.0,,,,,3.0,720.0,TF-IDF,124.0,7431.0,0.008064516129032258,0.0,1.0,1.0,3.8879000003362307,,,,,,,,,,,
,10000,,,,,,,known_item_retrieval,20,,,,,OK,,,,,,,,,,,,,,,,it is defined as best quality hotel in tirana and it has conference rooms restaurant and luxury accommodation,,,,,,,,,,,,,,,,1.0,1.0,,,,,4.0,8238.0,TF-IDF,1.0,8238.0,1.0,1.0,1.0,1.0,3.30749999920954,,,,,,,,,,,
,10000,,,,,,,known_item_retrieval,20,,,,,OK,,,,,,,,,,,,,,,,according to multiple people familiar with the process durkin was interviewed by investigators on the morning of aug,,,,,,,,,,,,,,,,0.0,0.0,,,,,5.0,4556.0,TF-IDF,7.0,9627.0,0.14285714285714285,0.0,1.0,1.0,3.2940000000962755,,,,,,,,,,,
,10000,,,,,,,known_item_retrieval,20,,,,,OK,,,,,,,,,,,,,,,,note that we are not providing the ctaul host r port information here to reach out to volunteerservice,,,,,,,,,,,,,,,,0.0,0.0,,,,,6.0,6652.0,TF-IDF,140.0,967.0,0.007142857142857143,0.0,0.7777777777777778,1.0,3.0769999993935926,,,,,,,,,,,
,10000,,,,,,,known_item_retrieval,20,,,,,OK,,,,,,,,,,,,,,,,we had supper at la caverna and absolutely loved the meal and atmosphere,,,,,,,,,,,,,,,,1.0,1.0,,,,,7.0,5651.0,TF-IDF,1.0,5651.0,1.0,1.0,1.0,1.0,3.839200000584242,,,,,,,,,,,
,10000,,,,,,,known_item_retrieval,20,,,,,OK,,,,,,,,,,,,,,,,specifically the cases of casey stoney and megan rapinoe two openly gay female elite soccer players who have played professionally and represented their respective national teams,,,,,,,,,,,,,,,,0.0,0.0,,,,,8.0,1261.0,TF-IDF,119.0,9410.0,0.008403361344537815,0.0,0.8947368421052632,1.0,3.3481999998912215,,,,,,,,,,,
,10000,,,,,,,known_item_retrieval,20,,,,,OK,,,,,,,,,,,,,,,,internship at digital republik has helped me be a part of such a revolution gaining the first hand experience of each and every aspect of digital marketing,,,,,,,,,,,,,,,,1.0,1.0,,,,,9.0,645.0,TF-IDF,1.0,645.0,1.0,1.0,1.0,1.0,3.5023000000364846,,,,,,,,,,,
,10000,,,,,,,known_item_retrieval,20,,,,,OK,,,,,,,,,,,,,,,,not all industrial design is built of good usable concepts,,,,,,,,,,,,,,,,0.0,0.0,,,,,10.0,9099.0,TF-IDF,859.0,6771.0,0.0011641443538998836,0.0,1.0,1.0,3.0099000014160993,,,,,,,,,,,
,10000,,,,,,,known_item_retrieval,20,,,,,OK,,,,,,,,,,,,,,,,with the ever increasing demand for the use of gyms and other such facilities it is imperative that the professional staff take steps to maintain a safe environment in these areas,,,,,,,,,,,,,,,,0.0,1.0,,,,,11.0,3761.0,TF-IDF,5.0,2598.0,0.2,0.38685280723454163,1.0,1.0,3.4850000010919757,,,,,,,,,,,
,10000,,,,,,,known_item_retrieval,20,,,,,OK,,,,,,,,,,,,,,,,my partner and i had an exhibition of our combined work of paintings leadlights at maitland regional art gallery in october 2013,,,,,,,,,,,,,,,,0.0,0.0,,,,,12.0,35.0,TF-IDF,73.0,1597.0,0.0136986301369863,0.0,0.8333333333333334,1.0,3.8598000010097167,,,,,,,,,,,
,10000,,,,,,,known_item_retrieval,20,,,,,OK,,,,,,,,,,,,,,,,i had listed down that i am looking for an internship opportunity as well,,,,,,,,,,,,,,,,0.0,0.0,,,,,13.0,8087.0,TF-IDF,53.0,8465.0,0.018867924528301886,0.0,1.0,1.0,3.398300001208554,,,,,,,,,,,
,10000,,,,,,,known_item_retrieval,20,,,,,OK,,,,,,,,,,,,,,,,made from lovely faux shrub you won't have to worry about watering the plants year round,,,,,,,,,,,,,,,,1.0,1.0,,,,,14.0,4874.0,TF-IDF,1.0,4874.0,1.0,1.0,1.0,1.0,3.1875999993644655,,,,,,,,,,,
,10000,,,,,,,known_item_retrieval,20,,,,,OK,,,,,,,,,,,,,,,,these cables comprise two twisted pair 22 awg color coded tinned copper conductors wrapped in a foil shield and are available in plenum and non plenum jackets,,,,,,,,,,,,,,,,1.0,1.0,,,,,15.0,1539.0,TF-IDF,1.0,1539.0,1.0,1.0,0.95,1.0,3.2441000003018416,,,,,,,,,,,
,10000,,,,,,,known_item_retrieval,20,,,,,OK,,,,,,,,,,,,,,,,unraveling the factors that influence spatial genetic variation and population structure is one of the fundamental goals of ecological and landscape genetics,,,,,,,,,,,,,,,,1.0,1.0,,,,,16.0,3356.0,TF-IDF,1.0,3356.0,1.0,1.0,1.0,1.0,3.4866000005422393,,,,,,,,,,,
,10000,,,,,,,known_item_retrieval,20,,,,,OK,,,,,,,,,,,,,,,,others like to see the translation before i submit it to the publisher,,,,,,,,,,,,,,,,0.0,0.0,,,,,17.0,889.0,TF-IDF,12.0,8133.0,0.08333333333333333,0.0,1.0,1.0,3.877200000715675,,,,,,,,,,,
,10000,,,,,,,known_item_retrieval,20,,,,,OK,,,,,,,,,,,,,,,,volvo's venture investing fund has acquired a stake in freewire technologies a san francisco based company that has developed a flexible fast charging technology for electric vehicles,,,,,,,,,,,,,,,,1.0,1.0,,,,,18.0,8565.0,TF-IDF,1.0,8565.0,1.0,1.0,1.0,1.0,3.304099998786114,,,,,,,,,,,
,10000,,,,,,,known_item_retrieval,20,,,,,OK,,,,,,,,,,,,,,,,using your fingers break the butter into the flour mixture until it resembles very coarse crumbs even pea sized is fine,,,,,,,,,,,,,,,,0.0,1.0,,,,,19.0,530.0,TF-IDF,3.0,4616.0,0.3333333333333333,0.5,1.0,1.0,3.3642999987932853,,,,,,,,,,,
,10000,,,,,,,known_item_retrieval,20,,,,,OK,,,,,,,,,,,,,,,,see the deal is the poll can only handle 18 options which isn't many when you figure all the things that can be done to a car,,,,,,,,,,,,,,,,0.0,1.0,,,,,20.0,9306.0,TF-IDF,3.0,5055.0,0.3333333333333333,0.5,1.0,1.0,3.466999998636311,,,,,,,,,,,
,10000,,,,,,,retrieval_summary,20,,,,,,,,,,,,,,,,,,,,,,,,,,,,,,,,50.0,,,,,,,,,,,,,Word2Vec-50,,,,,,,,20.0,20.0,0.1,0.15,0.1326415749376047,0.13154648767857288,2.936680000038905,,,,
,10000,,,,,,,retrieval_summary,20,,,,,,,,,,,,,,,,,,,,,,,,,,,,,,,,100.0,,,,,,,,,,,,,Word2Vec-100,,,,,,,,20.0,20.0,0.1,0.15,0.13438978026212972,0.13154648767857288,1.2321749999500753,,,,
,10000,,,,,,,retrieval_summary,20,,,,,,,,,,,,,,,,,,,,,,,,,,,,,,,,300.0,,,,,,,,,,,,,Word2Vec-300,,,,,,,,20.0,20.0,0.1,0.15,0.13540371802198034,0.13154648767857288,1.4798649998738256,,,,
,10000,,,,,,,retrieval_summary,20,,,,,,,,,,,,,,,,,,,,,,,,,,,,,,,,,,,,,,,,,,,,,TF-IDF,,,,,,,,20.0,20.0,0.45,0.6,0.507509928824638,0.5193426403617271,3.6287250000896165,,,,
,10000,,,,,,,corpus_topic_search,24,,,,0.8694151043891907,,,,,,,,,,,,,,,,,medical treatment,1.0,,,,,,9421.0,9421.0,,,50.0,,,,,,,,,,,,,Word2Vec-50,,,,,1.0,,,,,,,,,,"Treatment of bleeding problems without removal of uterus (TCRE) Etc. Screening and treatment for cancer of Uterus, Cervix and Ovary. Breast Lump and Cancer Screening (Mammography) and Treatment.",,,
,10000,,,,,,,corpus_topic_search,24,,,,0.7761926054954529,,,,,,,,,,,,,,,,,medical treatment,2.0,,,,,,281.0,281.0,,,50.0,,,,,,,,,,,,,Word2Vec-50,,,,,1.0,,,,,,,,,,"A phase II pilot study to evaluate use of intravenous lidocaine for opioid-refractory pain in cancer patients. Kerala, India: status of cancer pain relief and palliative care. Nurse moral distress and cancer pain management: an ethnography of oncology nurses in India.",,,
,10000,,,,,,,corpus_topic_search,24,,,,0.7636095881462097,,,,,,,,,,,,,,,,,medical treatment,3.0,,,,,,3667.0,3667.0,,,50.0,,,,,,,,,,,,,Word2Vec-50,,,,,1.0,,,,,,,,,,"Specific focus on the use of emerging technology for the treatment of patients and fabrication of dental prosthesis. This includes the use of intra-oral scanners, CAD/CAM software, milling units, rapid prototyping (3D printing) and new materials. The use of this technology for implant rehabilitation is of special interest. Course Director - Creator and director of the fourth year Dental School selective that provides students the opport",,,
,10000,,,,,,,corpus_topic_search,24,,,,0.7629140615463257,,,,,,,,,,,,,,,,,medical treatment,4.0,,,,,,8438.0,8438.0,,,50.0,,,,,,,,,,,,,Word2Vec-50,,,,,1.0,,,,,,,,,,Core Investigator at the VA Portland Health Care System's Center for Involving Veterans in Care. He received medical and master of epidemiology degrees from the University of Washington (UW). He completed his residency in internal medicine and fellowship in pulmonary & critical care medicine at the UW as well. He is an Associate Professor of Medicine in the Division of Pulmonary & Critical Care Medicine and Adjunct Associate Research P,,,
,10000,,,,,,,corpus_topic_search,24,,,,0.7619049549102783,,,,,,,,,,,,,,,,,medical treatment,5.0,,,,,,1230.0,1230.0,,,50.0,,,,,,,,,,,,,Word2Vec-50,,,,,1.0,,,,,,,,,,"Anesthesia is administered to patients who are undergoing otherwise stressful or painful medical procedures, such as operations or tooth extractions. The anesthesia blocks pain and renders the patient unconscious so that the health care professional may work without concern over the patient’s discomfort or interference. Nurse anesthetists work either independently or under the supervision of a physician or anesthesiologist. They adminis",,,
,10000,,,,,,,corpus_topic_search,24,,,,0.850077211856842,,,,,,,,,,,,,,,,,football match,1.0,,,,,,6083.0,6083.0,,,50.0,,,,,,,,,,,,,Word2Vec-50,,,,,1.0,,,,,,,,,,Ac Milan White Jersey tball kits course true. I know that all replica football shirt demons don t france soccer jersey long sleeve really believe that thcheap football shirts cheap football shirts true. football shirts reputation United Kingdom football kits Tianyuan Inn cheap football shirts thousands United Kingdom football kits years. Thcheap football shirts baby was personally experimented by replica football shirtir elders. footbal,,,
,10000,,,,,,,corpus_topic_search,24,,,,0.7188352942466736,,,,,,,,,,,,,,,,,football match,2.0,,,,,,5563.0,5563.0,,,50.0,,,,,,,,,,,,,Word2Vec-50,,,,,1.0,,,,,,,,,,"Football League Two is known as ‘League Two’ unless you work for Rupert Murdoch in which case it’s known as The Sky Bet League Two. Confusingly it was known as Division 4 until 1992 and then as Division 3 until 2004. Regardless of what the football authorities call the fourth-tier of English football, the timeless and elegant Appleberry scarf is available in the colours of most of the teams competing in it!",,,
,10000,,,,,,,corpus_topic_search,24,,,,0.6885026693344116,,,,,,,,,,,,,,,,,football match,3.0,,,,,,9295.0,9295.0,,,50.0,,,,,,,,,,,,,Word2Vec-50,,,,,1.0,,,,,,,,,,"nchises, Real Madrid is a perennial threat to win the top annual tournament, and one of the most recognisable football teams around the world. Capitalise on your love of los Blancos with this men's away jersey. Featuring ventilating climacool®, this crewneck shirt shows off a premium club badge on the left chest and signature 3-Stripes on the shoulders and sleeves.",,,
,10000,,,,,,,corpus_topic_search,24,,,,0.6665163636207581,,,,,,,,,,,,,,,,,football match,4.0,,,,,,7748.0,7748.0,,,50.0,,,,,,,,,,,,,Word2Vec-50,,,,,1.0,,,,,,,,,,"Brittney Griner had a pretty average game last night against Florida—by her standards, anyway—when she finished with 25 points, nine rebounds, six blocks, and four assists during Baylor&apos;s 76-57 win. But she also did something that was definitely not average when she threw down a dunk at the start of the second half to become just the second woman in the history of women&apos;s basketball to dunk during the NCAA Tournament. As if we",,,
,10000,,,,,,,corpus_topic_search,24,,,,0.662163257598877,,,,,,,,,,,,,,,,,football match,5.0,,,,,,8097.0,8097.0,,,50.0,,,,,,,,,,,,,Word2Vec-50,,,,,1.0,,,,,,,,,,"Little green men aren't always scary, especially if you give them candy. Play Qoosh Games! Qoosh Games is a very fun game!",,,
,10000,,,,,,,corpus_topic_search,24,,,,0.871402382850647,,,,,,,,,,,,,,,,,computer software,1.0,,,,,,7772.0,7772.0,,,50.0,,,,,,,,,,,,,Word2Vec-50,,,,,1.0,,,,,,,,,,"6.2.4 download version indexed from servers all over the world. There are inherent dangers in the use of any software available for download on the Internet. PCWin free download center makes no representations as to the content of MDaemon to Outlook version/build 6.2.4 is accurate, complete, virus free or do not infringe the rights of any third party. PCWin has not developed this software MDaemon to Outlook and in no way responsible fo",,,
,10000,,,,,,,corpus_topic_search,24,,,,0.8599686622619629,,,,,,,,,,,,,,,,,computer software,2.0,,,,,,3821.0,3821.0,,,50.0,,,,,,,,,,,,,Word2Vec-50,,,,,1.0,,,,,,,,,,"Computer has turn out to be essential in our life in this world of science and know-how. In case you are situated in and around the North London and Herts area, there are lots of computer restore, laptop restore, COMPUTER maintenance, Wired and Wireless Networking options, and a number of other different IT enabled providers-providing companies that can enable you to out! Services like Removing Viruses, Spy Wares, Set up of Broadband, W",,,
,10000,,,,,,,corpus_topic_search,24,,,,0.8576849699020386,,,,,,,,,,,,,,,,,computer software,3.0,,,,,,4751.0,4751.0,,,50.0,,,,,,,,,,,,,Word2Vec-50,,,,,1.0,,,,,,,,,,"curately and reliably. Application utility converts data attributes as well as structures of database tables. Software tool accurately migrates database properties includes Primary keys, constraints, indexes and null values of database system for converting them into destination data tables format. Conversion software tool supports database integrity and Unicode architecture with multi byte character sets. Program tool easily configured",,,
,10000,,,,,,,corpus_topic_search,24,,,,0.849616289138794,,,,,,,,,,,,,,,,,computer software,4.0,,,,,,2840.0,2840.0,,,50.0,,,,,,,,,,,,,Word2Vec-50,,,,,1.0,,,,,,,,,,C is a hosted and distributed platform. You can use CONVCC as a complete web service without any hardware and software investment. Also you can use management modules with your own PBX system at your own location. You can develop your own agent screen or management interface using web services of CONVCC platform.,,,
,10000,,,,,,,corpus_topic_search,24,,,,0.8457862734794617,,,,,,,,,,,,,,,,,computer software,5.0,,,,,,2174.0,2174.0,,,50.0,,,,,,,,,,,,,Word2Vec-50,,,,,1.0,,,,,,,,,,"This application shows how to configure a web-based POS system including mobile POS system. Adding mobile terminal and printer makes the operation of a speciality shop more flexible. The Web server on the Internet provides the back office application for each shop, including on-time goods inventory report and so on. A mobile device, e.g. tablet PC, and a mobile printer will compose the mobile POS. In case of Web based POS application, t",,,
,10000,,,,,,,corpus_topic_search,24,,,,0.805128812789917,,,,,,,,,,,,,,,,,river bank,1.0,,,,,,9192.0,9192.0,,,50.0,,,,,,,,,,,,,Word2Vec-50,,,,,1.0,,,,,,,,,,"Valley West Park is a quarter-acre park tucked into the Highland neighborhood of Beaverton. Access to Valley West Park is provided from SW Valley Ave., south of SW Allen Blvd. and north of SW 17th Ave., via a residential walking path. Valley West Park features a playground with climbing structures and a small grassy area with trees. Nearby, opposite SW Valley Ave., is Valley Park. This sister park is similarly tucked into the neighborho",,,
,10000,,,,,,,corpus_topic_search,24,,,,0.7915177345275879,,,,,,,,,,,,,,,,,river bank,2.0,,,,,,257.0,257.0,,,50.0,,,,,,,,,,,,,Word2Vec-50,,,,,1.0,,,,,,,,,,"Located near I-90 and just off Route 62, Niagara Falls Boulevard, in the hub of the area’s dominant retail corridor. Across from the Fashion Outlets of Niagara Falls, recently expanded to 700,000 sf, making it one of the largest outlet centers in the country. The only Wegmans in the Niagara Falls trade area.",,,
,10000,,,,,,,corpus_topic_search,24,,,,0.7877150177955627,,,,,,,,,,,,,,,,,river bank,3.0,,,,,,7906.0,7906.0,,,50.0,,,,,,,,,,,,,Word2Vec-50,,,,,1.0,,,,,,,,,,"Gastown is the original settlement that became the core of the creation of Vancouver, British Columbia, Canada. Currently, it is a national historic site and a neighbourhood in the northwest end of Downtown Eastside, adjacent to Downtown Vancouver.Its historical boundaries were the waterfront, Columbia Street, Hastings Street, and Cambie Street, which were the borders of the 1870 townsite survey, the proper name and postal address of wh",,,
,10000,,,,,,,corpus_topic_search,24,,,,0.787173330783844,,,,,,,,,,,,,,,,,river bank,4.0,,,,,,2907.0,2907.0,,,50.0,,,,,,,,,,,,,Word2Vec-50,,,,,1.0,,,,,,,,,,"Our main clinical psychology offices are located at Brinkworth House, in the village of Brinkworth, a few miles west of Swindon. We are situated on the B4042 between Junction 16 (Wootton Bassett) of the M4 and Malmesbury. Brinkworth House is opposite the Golf Club on the Malmesbury side of the village. Travelling from the East, we are on the left, about a mile after the 'Three Crowns' pub. Travelling from the West, we are on the right,",,,
,10000,,,,,,,corpus_topic_search,24,,,,0.7841745018959045,,,,,,,,,,,,,,,,,river bank,5.0,,,,,,2297.0,2297.0,,,50.0,,,,,,,,,,,,,Word2Vec-50,,,,,1.0,,,,,,,,,,"There’s no question that Newark Avenue in Jersey City is to Indian food what Sachin Tendulkar is to Cricket and Sharukh Khan to Bollywood films. When you think of Newark Avenue, the first thing that comes to kind is the dozens of Indian restaurants dotting the busy narrow street and surrounding areas. If you ask me, the more apt name for Newark Avenue would be Curry Avenue. Although there are a few desi grocery stores and jewelers on Ne",,,
,10000,,,,,,,corpus_topic_search,24,,,,0.8518836498260498,,,,,,,,,,,,,,,,,medical treatment,1.0,,,,,,9421.0,9421.0,,,100.0,,,,,,,,,,,,,Word2Vec-100,,,,,1.0,,,,,,,,,,"Treatment of bleeding problems without removal of uterus (TCRE) Etc. Screening and treatment for cancer of Uterus, Cervix and Ovary. Breast Lump and Cancer Screening (Mammography) and Treatment.",,,
,10000,,,,,,,corpus_topic_search,24,,,,0.7501662373542786,,,,,,,,,,,,,,,,,medical treatment,2.0,,,,,,281.0,281.0,,,100.0,,,,,,,,,,,,,Word2Vec-100,,,,,1.0,,,,,,,,,,"A phase II pilot study to evaluate use of intravenous lidocaine for opioid-refractory pain in cancer patients. Kerala, India: status of cancer pain relief and palliative care. Nurse moral distress and cancer pain management: an ethnography of oncology nurses in India.",,,
,10000,,,,,,,corpus_topic_search,24,,,,0.7484111785888672,,,,,,,,,,,,,,,,,medical treatment,3.0,,,,,,3667.0,3667.0,,,100.0,,,,,,,,,,,,,Word2Vec-100,,,,,1.0,,,,,,,,,,"Specific focus on the use of emerging technology for the treatment of patients and fabrication of dental prosthesis. This includes the use of intra-oral scanners, CAD/CAM software, milling units, rapid prototyping (3D printing) and new materials. The use of this technology for implant rehabilitation is of special interest. Course Director - Creator and director of the fourth year Dental School selective that provides students the opport",,,
,10000,,,,,,,corpus_topic_search,24,,,,0.745552659034729,,,,,,,,,,,,,,,,,medical treatment,4.0,,,,,,1584.0,1584.0,,,100.0,,,,,,,,,,,,,Word2Vec-100,,,,,1.0,,,,,,,,,,"and Greensboro before her family relocated to West Virginia. She returned to the Tar Heel State in 1992. As a medical student at East Carolina University, she wanted to be a surgeon, and after graduating in 2001, completed her general surgery internship in Syracuse, N.Y. In 2005, she completed her PM&R residency as chief resident at Sinai Hospital (University of Maryland) in Baltimore. Dr. Bethea is also fellowship trained in interventi",,,
,10000,,,,,,,corpus_topic_search,24,,,,0.7451086044311523,,,,,,,,,,,,,,,,,medical treatment,5.0,,,,,,8438.0,8438.0,,,100.0,,,,,,,,,,,,,Word2Vec-100,,,,,1.0,,,,,,,,,,Core Investigator at the VA Portland Health Care System's Center for Involving Veterans in Care. He received medical and master of epidemiology degrees from the University of Washington (UW). He completed his residency in internal medicine and fellowship in pulmonary & critical care medicine at the UW as well. He is an Associate Professor of Medicine in the Division of Pulmonary & Critical Care Medicine and Adjunct Associate Research P,,,
,10000,,,,,,,corpus_topic_search,24,,,,0.8512359857559204,,,,,,,,,,,,,,,,,football match,1.0,,,,,,6083.0,6083.0,,,100.0,,,,,,,,,,,,,Word2Vec-100,,,,,1.0,,,,,,,,,,Ac Milan White Jersey tball kits course true. I know that all replica football shirt demons don t france soccer jersey long sleeve really believe that thcheap football shirts cheap football shirts true. football shirts reputation United Kingdom football kits Tianyuan Inn cheap football shirts thousands United Kingdom football kits years. Thcheap football shirts baby was personally experimented by replica football shirtir elders. footbal,,,
,10000,,,,,,,corpus_topic_search,24,,,,0.6902008056640625,,,,,,,,,,,,,,,,,football match,2.0,,,,,,5563.0,5563.0,,,100.0,,,,,,,,,,,,,Word2Vec-100,,,,,1.0,,,,,,,,,,"Football League Two is known as ‘League Two’ unless you work for Rupert Murdoch in which case it’s known as The Sky Bet League Two. Confusingly it was known as Division 4 until 1992 and then as Division 3 until 2004. Regardless of what the football authorities call the fourth-tier of English football, the timeless and elegant Appleberry scarf is available in the colours of most of the teams competing in it!",,,
,10000,,,,,,,corpus_topic_search,24,,,,0.6323263645172119,,,,,,,,,,,,,,,,,football match,3.0,,,,,,9295.0,9295.0,,,100.0,,,,,,,,,,,,,Word2Vec-100,,,,,1.0,,,,,,,,,,"nchises, Real Madrid is a perennial threat to win the top annual tournament, and one of the most recognisable football teams around the world. Capitalise on your love of los Blancos with this men's away jersey. Featuring ventilating climacool®, this crewneck shirt shows off a premium club badge on the left chest and signature 3-Stripes on the shoulders and sleeves.",,,
,10000,,,,,,,corpus_topic_search,24,,,,0.6164809465408325,,,,,,,,,,,,,,,,,football match,4.0,,,,,,1916.0,1916.0,,,100.0,,,,,,,,,,,,,Word2Vec-100,,,,,1.0,,,,,,,,,,"ocks Tickets to the game! Purchase securely online in our real time inventory. Follow the team to the College Football Playoffs, Bowl Games, and the National Championship Game as part of a travel package!",,,
,10000,,,,,,,corpus_topic_search,24,,,,0.6102228164672852,,,,,,,,,,,,,,,,,football match,5.0,,,,,,9116.0,9116.0,,,100.0,,,,,,,,,,,,,Word2Vec-100,,,,,1.0,,,,,,,,,,"er the NFL draft. ""With some sense of regret, I am making myself available for the NFL draft and professional football,"" Harris said today at a news conference. ""I do it because it's a great challenge, a great opportunity and a great benefit for me and my family."" During his three seasons as West Virginia's starting quarterback, Harris led the Mountaineers to three bowl games--all losses--and to their first unbeaten regular season in 19",,,
,10000,,,,,,,corpus_topic_search,24,,,,0.8434345722198486,,,,,,,,,,,,,,,,,computer software,1.0,,,,,,3821.0,3821.0,,,100.0,,,,,,,,,,,,,Word2Vec-100,,,,,1.0,,,,,,,,,,"Computer has turn out to be essential in our life in this world of science and know-how. In case you are situated in and around the North London and Herts area, there are lots of computer restore, laptop restore, COMPUTER maintenance, Wired and Wireless Networking options, and a number of other different IT enabled providers-providing companies that can enable you to out! Services like Removing Viruses, Spy Wares, Set up of Broadband, W",,,
,10000,,,,,,,corpus_topic_search,24,,,,0.8407527208328247,,,,,,,,,,,,,,,,,computer software,2.0,,,,,,7772.0,7772.0,,,100.0,,,,,,,,,,,,,Word2Vec-100,,,,,1.0,,,,,,,,,,"6.2.4 download version indexed from servers all over the world. There are inherent dangers in the use of any software available for download on the Internet. PCWin free download center makes no representations as to the content of MDaemon to Outlook version/build 6.2.4 is accurate, complete, virus free or do not infringe the rights of any third party. PCWin has not developed this software MDaemon to Outlook and in no way responsible fo",,,
,10000,,,,,,,corpus_topic_search,24,,,,0.8298879861831665,,,,,,,,,,,,,,,,,computer software,3.0,,,,,,4751.0,4751.0,,,100.0,,,,,,,,,,,,,Word2Vec-100,,,,,1.0,,,,,,,,,,"curately and reliably. Application utility converts data attributes as well as structures of database tables. Software tool accurately migrates database properties includes Primary keys, constraints, indexes and null values of database system for converting them into destination data tables format. Conversion software tool supports database integrity and Unicode architecture with multi byte character sets. Program tool easily configured",,,
,10000,,,,,,,corpus_topic_search,24,,,,0.8039941191673279,,,,,,,,,,,,,,,,,computer software,4.0,,,,,,6068.0,6068.0,,,100.0,,,,,,,,,,,,,Word2Vec-100,,,,,1.0,,,,,,,,,,"ubject matter experts (SMEs), and end-users using Adobe PDF, live linking of shared resources, Adobe RoboHelp software review manage­ment, or Adobe AIR® Help with new advanced author-to-author, author-to-SME, and author-to-end-user features. Shared reusable resources – Save time and boost productivity by reusing assets across authors and projects. Maintain con­sistency and conform to organizational and industry standards using linked re",,,
,10000,,,,,,,corpus_topic_search,24,,,,0.801093578338623,,,,,,,,,,,,,,,,,computer software,5.0,,,,,,7614.0,7614.0,,,100.0,,,,,,,,,,,,,Word2Vec-100,,,,,1.0,,,,,,,,,,"case eXtended Task Manager (XTM) is a powerful auxiliary tool designed for simplifying the environment of the software developer. Pirated Software Hurts Software Developers. Using eXtended Task Manager Free Download crack, warez, password, serial numbers, torrent, keygen, registration codes, key generators is illegal. We do not host any torrent files or links of eXtended Task Manager from depositfiles.com, rapidshare.com, any file shari",,,
,10000,,,,,,,corpus_topic_search,24,,,,0.7889406085014343,,,,,,,,,,,,,,,,,river bank,1.0,,,,,,9192.0,9192.0,,,100.0,,,,,,,,,,,,,Word2Vec-100,,,,,1.0,,,,,,,,,,"Valley West Park is a quarter-acre park tucked into the Highland neighborhood of Beaverton. Access to Valley West Park is provided from SW Valley Ave., south of SW Allen Blvd. and north of SW 17th Ave., via a residential walking path. Valley West Park features a playground with climbing structures and a small grassy area with trees. Nearby, opposite SW Valley Ave., is Valley Park. This sister park is similarly tucked into the neighborho",,,
,10000,,,,,,,corpus_topic_search,24,,,,0.7645272016525269,,,,,,,,,,,,,,,,,river bank,2.0,,,,,,2297.0,2297.0,,,100.0,,,,,,,,,,,,,Word2Vec-100,,,,,1.0,,,,,,,,,,"There’s no question that Newark Avenue in Jersey City is to Indian food what Sachin Tendulkar is to Cricket and Sharukh Khan to Bollywood films. When you think of Newark Avenue, the first thing that comes to kind is the dozens of Indian restaurants dotting the busy narrow street and surrounding areas. If you ask me, the more apt name for Newark Avenue would be Curry Avenue. Although there are a few desi grocery stores and jewelers on Ne",,,
,10000,,,,,,,corpus_topic_search,24,,,,0.7620598077774048,,,,,,,,,,,,,,,,,river bank,3.0,,,,,,2907.0,2907.0,,,100.0,,,,,,,,,,,,,Word2Vec-100,,,,,1.0,,,,,,,,,,"Our main clinical psychology offices are located at Brinkworth House, in the village of Brinkworth, a few miles west of Swindon. We are situated on the B4042 between Junction 16 (Wootton Bassett) of the M4 and Malmesbury. Brinkworth House is opposite the Golf Club on the Malmesbury side of the village. Travelling from the East, we are on the left, about a mile after the 'Three Crowns' pub. Travelling from the West, we are on the right,",,,
,10000,,,,,,,corpus_topic_search,24,,,,0.7563087940216064,,,,,,,,,,,,,,,,,river bank,4.0,,,,,,257.0,257.0,,,100.0,,,,,,,,,,,,,Word2Vec-100,,,,,1.0,,,,,,,,,,"Located near I-90 and just off Route 62, Niagara Falls Boulevard, in the hub of the area’s dominant retail corridor. Across from the Fashion Outlets of Niagara Falls, recently expanded to 700,000 sf, making it one of the largest outlet centers in the country. The only Wegmans in the Niagara Falls trade area.",,,
,10000,,,,,,,corpus_topic_search,24,,,,0.7555465698242188,,,,,,,,,,,,,,,,,river bank,5.0,,,,,,7906.0,7906.0,,,100.0,,,,,,,,,,,,,Word2Vec-100,,,,,1.0,,,,,,,,,,"Gastown is the original settlement that became the core of the creation of Vancouver, British Columbia, Canada. Currently, it is a national historic site and a neighbourhood in the northwest end of Downtown Eastside, adjacent to Downtown Vancouver.Its historical boundaries were the waterfront, Columbia Street, Hastings Street, and Cambie Street, which were the borders of the 1870 townsite survey, the proper name and postal address of wh",,,
,10000,,,,,,,corpus_topic_search,24,,,,0.8536840677261353,,,,,,,,,,,,,,,,,medical treatment,1.0,,,,,,9421.0,9421.0,,,300.0,,,,,,,,,,,,,Word2Vec-300,,,,,1.0,,,,,,,,,,"Treatment of bleeding problems without removal of uterus (TCRE) Etc. Screening and treatment for cancer of Uterus, Cervix and Ovary. Breast Lump and Cancer Screening (Mammography) and Treatment.",,,
,10000,,,,,,,corpus_topic_search,24,,,,0.7456073760986328,,,,,,,,,,,,,,,,,medical treatment,2.0,,,,,,281.0,281.0,,,300.0,,,,,,,,,,,,,Word2Vec-300,,,,,1.0,,,,,,,,,,"A phase II pilot study to evaluate use of intravenous lidocaine for opioid-refractory pain in cancer patients. Kerala, India: status of cancer pain relief and palliative care. Nurse moral distress and cancer pain management: an ethnography of oncology nurses in India.",,,
,10000,,,,,,,corpus_topic_search,24,,,,0.7421904802322388,,,,,,,,,,,,,,,,,medical treatment,3.0,,,,,,8438.0,8438.0,,,300.0,,,,,,,,,,,,,Word2Vec-300,,,,,1.0,,,,,,,,,,Core Investigator at the VA Portland Health Care System's Center for Involving Veterans in Care. He received medical and master of epidemiology degrees from the University of Washington (UW). He completed his residency in internal medicine and fellowship in pulmonary & critical care medicine at the UW as well. He is an Associate Professor of Medicine in the Division of Pulmonary & Critical Care Medicine and Adjunct Associate Research P,,,
,10000,,,,,,,corpus_topic_search,24,,,,0.7410750389099121,,,,,,,,,,,,,,,,,medical treatment,4.0,,,,,,1584.0,1584.0,,,300.0,,,,,,,,,,,,,Word2Vec-300,,,,,1.0,,,,,,,,,,"and Greensboro before her family relocated to West Virginia. She returned to the Tar Heel State in 1992. As a medical student at East Carolina University, she wanted to be a surgeon, and after graduating in 2001, completed her general surgery internship in Syracuse, N.Y. In 2005, she completed her PM&R residency as chief resident at Sinai Hospital (University of Maryland) in Baltimore. Dr. Bethea is also fellowship trained in interventi",,,
,10000,,,,,,,corpus_topic_search,24,,,,0.7387641668319702,,,,,,,,,,,,,,,,,medical treatment,5.0,,,,,,3667.0,3667.0,,,300.0,,,,,,,,,,,,,Word2Vec-300,,,,,1.0,,,,,,,,,,"Specific focus on the use of emerging technology for the treatment of patients and fabrication of dental prosthesis. This includes the use of intra-oral scanners, CAD/CAM software, milling units, rapid prototyping (3D printing) and new materials. The use of this technology for implant rehabilitation is of special interest. Course Director - Creator and director of the fourth year Dental School selective that provides students the opport",,,
,10000,,,,,,,corpus_topic_search,24,,,,0.8515955805778503,,,,,,,,,,,,,,,,,football match,1.0,,,,,,6083.0,6083.0,,,300.0,,,,,,,,,,,,,Word2Vec-300,,,,,1.0,,,,,,,,,,Ac Milan White Jersey tball kits course true. I know that all replica football shirt demons don t france soccer jersey long sleeve really believe that thcheap football shirts cheap football shirts true. football shirts reputation United Kingdom football kits Tianyuan Inn cheap football shirts thousands United Kingdom football kits years. Thcheap football shirts baby was personally experimented by replica football shirtir elders. footbal,,,
,10000,,,,,,,corpus_topic_search,24,,,,0.6755682229995728,,,,,,,,,,,,,,,,,football match,2.0,,,,,,5563.0,5563.0,,,300.0,,,,,,,,,,,,,Word2Vec-300,,,,,1.0,,,,,,,,,,"Football League Two is known as ‘League Two’ unless you work for Rupert Murdoch in which case it’s known as The Sky Bet League Two. Confusingly it was known as Division 4 until 1992 and then as Division 3 until 2004. Regardless of what the football authorities call the fourth-tier of English football, the timeless and elegant Appleberry scarf is available in the colours of most of the teams competing in it!",,,
,10000,,,,,,,corpus_topic_search,24,,,,0.6364976167678833,,,,,,,,,,,,,,,,,football match,3.0,,,,,,9295.0,9295.0,,,300.0,,,,,,,,,,,,,Word2Vec-300,,,,,1.0,,,,,,,,,,"nchises, Real Madrid is a perennial threat to win the top annual tournament, and one of the most recognisable football teams around the world. Capitalise on your love of los Blancos with this men's away jersey. Featuring ventilating climacool®, this crewneck shirt shows off a premium club badge on the left chest and signature 3-Stripes on the shoulders and sleeves.",,,
,10000,,,,,,,corpus_topic_search,24,,,,0.6147569417953491,,,,,,,,,,,,,,,,,football match,4.0,,,,,,1916.0,1916.0,,,300.0,,,,,,,,,,,,,Word2Vec-300,,,,,1.0,,,,,,,,,,"ocks Tickets to the game! Purchase securely online in our real time inventory. Follow the team to the College Football Playoffs, Bowl Games, and the National Championship Game as part of a travel package!",,,
,10000,,,,,,,corpus_topic_search,24,,,,0.6050175428390503,,,,,,,,,,,,,,,,,football match,5.0,,,,,,9116.0,9116.0,,,300.0,,,,,,,,,,,,,Word2Vec-300,,,,,1.0,,,,,,,,,,"er the NFL draft. ""With some sense of regret, I am making myself available for the NFL draft and professional football,"" Harris said today at a news conference. ""I do it because it's a great challenge, a great opportunity and a great benefit for me and my family."" During his three seasons as West Virginia's starting quarterback, Harris led the Mountaineers to three bowl games--all losses--and to their first unbeaten regular season in 19",,,
,10000,,,,,,,corpus_topic_search,24,,,,0.8382610082626343,,,,,,,,,,,,,,,,,computer software,1.0,,,,,,3821.0,3821.0,,,300.0,,,,,,,,,,,,,Word2Vec-300,,,,,1.0,,,,,,,,,,"Computer has turn out to be essential in our life in this world of science and know-how. In case you are situated in and around the North London and Herts area, there are lots of computer restore, laptop restore, COMPUTER maintenance, Wired and Wireless Networking options, and a number of other different IT enabled providers-providing companies that can enable you to out! Services like Removing Viruses, Spy Wares, Set up of Broadband, W",,,
,10000,,,,,,,corpus_topic_search,24,,,,0.8336446285247803,,,,,,,,,,,,,,,,,computer software,2.0,,,,,,7772.0,7772.0,,,300.0,,,,,,,,,,,,,Word2Vec-300,,,,,1.0,,,,,,,,,,"6.2.4 download version indexed from servers all over the world. There are inherent dangers in the use of any software available for download on the Internet. PCWin free download center makes no representations as to the content of MDaemon to Outlook version/build 6.2.4 is accurate, complete, virus free or do not infringe the rights of any third party. PCWin has not developed this software MDaemon to Outlook and in no way responsible fo",,,
,10000,,,,,,,corpus_topic_search,24,,,,0.8207449316978455,,,,,,,,,,,,,,,,,computer software,3.0,,,,,,4751.0,4751.0,,,300.0,,,,,,,,,,,,,Word2Vec-300,,,,,1.0,,,,,,,,,,"curately and reliably. Application utility converts data attributes as well as structures of database tables. Software tool accurately migrates database properties includes Primary keys, constraints, indexes and null values of database system for converting them into destination data tables format. Conversion software tool supports database integrity and Unicode architecture with multi byte character sets. Program tool easily configured",,,
,10000,,,,,,,corpus_topic_search,24,,,,0.7975621223449707,,,,,,,,,,,,,,,,,computer software,4.0,,,,,,6068.0,6068.0,,,300.0,,,,,,,,,,,,,Word2Vec-300,,,,,1.0,,,,,,,,,,"ubject matter experts (SMEs), and end-users using Adobe PDF, live linking of shared resources, Adobe RoboHelp software review manage­ment, or Adobe AIR® Help with new advanced author-to-author, author-to-SME, and author-to-end-user features. Shared reusable resources – Save time and boost productivity by reusing assets across authors and projects. Maintain con­sistency and conform to organizational and industry standards using linked re",,,
,10000,,,,,,,corpus_topic_search,24,,,,0.7924120426177979,,,,,,,,,,,,,,,,,computer software,5.0,,,,,,1698.0,1698.0,,,300.0,,,,,,,,,,,,,Word2Vec-300,,,,,1.0,,,,,,,,,,"pen a link in an app, then they have to choose between Chrome browser and any other app. Android M app in the software itself will decide what is good for opening the link. 2. Android M now has a new feature will be called “Dose” that. “Dose” of your smartphone and tablet battery time will increase. If you forget to turn off the app or the app will be running in the background so it will stop making your own passive application and your",,,
,10000,,,,,,,corpus_topic_search,24,,,,0.7836310863494873,,,,,,,,,,,,,,,,,river bank,1.0,,,,,,9192.0,9192.0,,,300.0,,,,,,,,,,,,,Word2Vec-300,,,,,1.0,,,,,,,,,,"Valley West Park is a quarter-acre park tucked into the Highland neighborhood of Beaverton. Access to Valley West Park is provided from SW Valley Ave., south of SW Allen Blvd. and north of SW 17th Ave., via a residential walking path. Valley West Park features a playground with climbing structures and a small grassy area with trees. Nearby, opposite SW Valley Ave., is Valley Park. This sister park is similarly tucked into the neighborho",,,
,10000,,,,,,,corpus_topic_search,24,,,,0.7575253844261169,,,,,,,,,,,,,,,,,river bank,2.0,,,,,,2907.0,2907.0,,,300.0,,,,,,,,,,,,,Word2Vec-300,,,,,1.0,,,,,,,,,,"Our main clinical psychology offices are located at Brinkworth House, in the village of Brinkworth, a few miles west of Swindon. We are situated on the B4042 between Junction 16 (Wootton Bassett) of the M4 and Malmesbury. Brinkworth House is opposite the Golf Club on the Malmesbury side of the village. Travelling from the East, we are on the left, about a mile after the 'Three Crowns' pub. Travelling from the West, we are on the right,",,,
,10000,,,,,,,corpus_topic_search,24,,,,0.7502102851867676,,,,,,,,,,,,,,,,,river bank,3.0,,,,,,7906.0,7906.0,,,300.0,,,,,,,,,,,,,Word2Vec-300,,,,,1.0,,,,,,,,,,"Gastown is the original settlement that became the core of the creation of Vancouver, British Columbia, Canada. Currently, it is a national historic site and a neighbourhood in the northwest end of Downtown Eastside, adjacent to Downtown Vancouver.Its historical boundaries were the waterfront, Columbia Street, Hastings Street, and Cambie Street, which were the borders of the 1870 townsite survey, the proper name and postal address of wh",,,
,10000,,,,,,,corpus_topic_search,24,,,,0.7500860095024109,,,,,,,,,,,,,,,,,river bank,4.0,,,,,,257.0,257.0,,,300.0,,,,,,,,,,,,,Word2Vec-300,,,,,1.0,,,,,,,,,,"Located near I-90 and just off Route 62, Niagara Falls Boulevard, in the hub of the area’s dominant retail corridor. Across from the Fashion Outlets of Niagara Falls, recently expanded to 700,000 sf, making it one of the largest outlet centers in the country. The only Wegmans in the Niagara Falls trade area.",,,
,10000,,,,,,,corpus_topic_search,24,,,,0.7500432729721069,,,,,,,,,,,,,,,,,river bank,5.0,,,,,,2297.0,2297.0,,,300.0,,,,,,,,,,,,,Word2Vec-300,,,,,1.0,,,,,,,,,,"There’s no question that Newark Avenue in Jersey City is to Indian food what Sachin Tendulkar is to Cricket and Sharukh Khan to Bollywood films. When you think of Newark Avenue, the first thing that comes to kind is the dozens of Indian restaurants dotting the busy narrow street and surrounding areas. If you ask me, the more apt name for Newark Avenue would be Curry Avenue. Although there are a few desi grocery stores and jewelers on Ne",,,
,10000,,,,,,,corpus_topic_search,24,,,,0.24668267378171366,,,,,,,,,,,,,,,,,medical treatment,1.0,,,,,,9421.0,9421.0,,,,,,,,,,,,,,,,TF-IDF,,,,,1.0,,,,,,,,,,"Treatment of bleeding problems without removal of uterus (TCRE) Etc. Screening and treatment for cancer of Uterus, Cervix and Ovary. Breast Lump and Cancer Screening (Mammography) and Treatment.",,,
,10000,,,,,,,corpus_topic_search,24,,,,0.22831039227015393,,,,,,,,,,,,,,,,,medical treatment,2.0,,,,,,8371.0,8371.0,,,,,,,,,,,,,,,,TF-IDF,,,,,1.0,,,,,,,,,,"What is a Online Medical Second Opinion? For over 25 years, patients and families have looked to We Care India for medical advice and treatment. Now you may consult with our world-renowned physicians from the comfort of your home utilizing the customized second opinion service that is right for you. When should I get another medical opinion? If you don't have full confidence in the recommended treatment or in the doctor Doctors expect (",,,
,10000,,,,,,,corpus_topic_search,24,,,,0.20035146336070306,,,,,,,,,,,,,,,,,medical treatment,3.0,,,,,,1827.0,1827.0,,,,,,,,,,,,,,,,TF-IDF,,,,,1.0,,,,,,,,,,"Stefi has degrees in medical history (UC Berkeley) and international public health (UCLA). In 2010 she co-founded the Sustainable Healthcare Education network to integrate sustainability and health into medical and nursing education. She led public health teaching at Norwich Medical School, global public health at Azim Premji University in Bangalore, and violence prevention for the Medical Peace Work Partnership at the University of Ber",,,
,10000,,,,,,,corpus_topic_search,24,,,,0.19156008770869093,,,,,,,,,,,,,,,,,medical treatment,4.0,,,,,,3543.0,3543.0,,,,,,,,,,,,,,,,TF-IDF,,,,,1.0,,,,,,,,,,"HSP Uncle is continuing his treatment at CMC. He will be going through physiotherapy as well as he is bedridden. Please continue to pray. You may be getting more frequent updates from Mr. Sundarsingh Jebakumar by email. ""There is nothing significant in uncle's health today.The head of the medical team (hematology department) explained in detail the various stages and methods of treatment(what they call PROTOCOL) to uncle as well as his",,,
,10000,,,,,,,corpus_topic_search,24,,,,0.18662402163542552,,,,,,,,,,,,,,,,,medical treatment,5.0,,,,,,7527.0,7527.0,,,,,,,,,,,,,,,,TF-IDF,,,,,1.0,,,,,,,,,,"reatments with anti-wrinkle and dermal filling injections. What is a cosmetic toxin? This is the most popular medical treatment for wrinkles in the upper face, including what is most commonly known as frown lines and crow’s feet. “Bunny lines” from wrinkling the nose when smiling or frowning. This product* was approved by the American Food and Drug Administration (FDA) in 2002 for the temporary treatment of moderate to severe frown line",,,
,10000,,,,,,,corpus_topic_search,24,,,,0.2576843274621142,,,,,,,,,,,,,,,,,football match,1.0,,,,,,7667.0,7667.0,,,,,,,,,,,,,,,,TF-IDF,,,,,1.0,,,,,,,,,,Submitted on-time? Referee Date Time Home Team Visitor 2nd match? Level Division League or playoff match?,,,
,10000,,,,,,,corpus_topic_search,24,,,,0.24256256400944712,,,,,,,,,,,,,,,,,football match,2.0,,,,,,5563.0,5563.0,,,,,,,,,,,,,,,,TF-IDF,,,,,1.0,,,,,,,,,,"Football League Two is known as ‘League Two’ unless you work for Rupert Murdoch in which case it’s known as The Sky Bet League Two. Confusingly it was known as Division 4 until 1992 and then as Division 3 until 2004. Regardless of what the football authorities call the fourth-tier of English football, the timeless and elegant Appleberry scarf is available in the colours of most of the teams competing in it!",,,
,10000,,,,,,,corpus_topic_search,24,,,,0.2118898330734952,,,,,,,,,,,,,,,,,football match,3.0,,,,,,5884.0,5884.0,,,,,,,,,,,,,,,,TF-IDF,,,,,1.0,,,,,,,,,,"A full list of Irish football players playing for clubs in Northern Ireland. Here is a full list of Irish football players who are currently playing for clubs in the Northern Irish Carling Premiership. Click on each footballer name for goals, videos, stats and the latest news for that player.",,,
,10000,,,,,,,corpus_topic_search,24,,,,0.20638282740389546,,,,,,,,,,,,,,,,,football match,4.0,,,,,,3256.0,3256.0,,,,,,,,,,,,,,,,TF-IDF,,,,,1.0,,,,,,,,,,We also run a fitness boot camp for adults and parents. This runs at the same time as the football sessions. 10-11am £10 per session or £30 for the month.,,,
,10000,,,,,,,corpus_topic_search,24,,,,0.1818857985852228,,,,,,,,,,,,,,,,,football match,5.0,,,,,,3204.0,3204.0,,,,,,,,,,,,,,,,TF-IDF,,,,,1.0,,,,,,,,,,Sign in to Mid West Football League with Passport. Signup to Passport is free. Signup and Login to receive access to wonderous things.,,,
,10000,,,,,,,corpus_topic_search,24,,,,0.3420144448850707,,,,,,,,,,,,,,,,,computer software,1.0,,,,,,834.0,834.0,,,,,,,,,,,,,,,,TF-IDF,,,,,1.0,,,,,,,,,,"Wages & salaries for Computer software engineers, applications in Salinas, CA ? The BLS estimates that in Salinas, CA there were around 100 employed in the field of Computer software engineers, applications. Computer software engineers, applications in Salinas, CA earned 17% more than average for Computer software engineers, applications in the United States. Computer software engineers, applications in Salinas, CA earned 153% more than",,,
,10000,,,,,,,corpus_topic_search,24,,,,0.29361080388924743,,,,,,,,,,,,,,,,,computer software,2.0,,,,,,9608.0,9608.0,,,,,,,,,,,,,,,,TF-IDF,,,,,1.0,,,,,,,,,,"All manner of computer problems, from hardware to software, desktops to laptops. Repairs carried out at your home at a time to suit you. I have been repairing computers for 15 years.",,,
,10000,,,,,,,corpus_topic_search,24,,,,0.2643333300654188,,,,,,,,,,,,,,,,,computer software,3.0,,,,,,2611.0,2611.0,,,,,,,,,,,,,,,,TF-IDF,,,,,1.0,,,,,,,,,,"CTO offers a range of computer training courses in software used every day in your business. The training is presented from an Introduction to Intermediate and Advanced levels, and is available for individuals or groups. Your training is customised to suit your your needs, and is presented at a time that suits you. Brisbane Computer Training for your staff is as easy as a quick call to Computer Training Options. We provide an extensive",,,
,10000,,,,,,,corpus_topic_search,24,,,,0.2316491002610729,,,,,,,,,,,,,,,,,computer software,4.0,,,,,,3821.0,3821.0,,,,,,,,,,,,,,,,TF-IDF,,,,,1.0,,,,,,,,,,"Computer has turn out to be essential in our life in this world of science and know-how. In case you are situated in and around the North London and Herts area, there are lots of computer restore, laptop restore, COMPUTER maintenance, Wired and Wireless Networking options, and a number of other different IT enabled providers-providing companies that can enable you to out! Services like Removing Viruses, Spy Wares, Set up of Broadband, W",,,
,10000,,,,,,,corpus_topic_search,24,,,,0.21337517836405467,,,,,,,,,,,,,,,,,computer software,5.0,,,,,,5894.0,5894.0,,,,,,,,,,,,,,,,TF-IDF,,,,,1.0,,,,,,,,,,Persuading software engineers to join a new startup? Hiring software engineers: should you look for overall experience or expertise of a specific language? Is being good at mathematics a precursor to being a good programmer?,,,
,10000,,,,,,,corpus_topic_search,24,,,,0.23156652591893376,,,,,,,,,,,,,,,,,river bank,1.0,,,,,,8902.0,8902.0,,,,,,,,,,,,,,,,TF-IDF,,,,,1.0,,,,,,,,,,"If you are looking for a central location and a great price, River Run Village is where you want to live! Our prime location puts you within walking distance to the Trolley, shopping, dining and entertainment in the heart of Mission Valley. Thoughtfully designer floor plans and attractive amenities make River Run Village a great place to live at a comfortable price. Come Home to River Run Village Today!!",,,
,10000,,,,,,,corpus_topic_search,24,,,,0.196282645613217,,,,,,,,,,,,,,,,,river bank,2.0,,,,,,5609.0,5609.0,,,,,,,,,,,,,,,,TF-IDF,,,,,1.0,,,,,,,,,,"Find Old Point National Bank of Phoebus branch locations near you. With 21 branches in Virginia, you will find Old Point National Bank of Phoebus conveniently located near you. Bank rating displayed here is the average value for all Old Point National Bank of Phoebus branches. A total of 0 customers had cast their vote for 21 branches and in average, Old Point National Bank of Phoebus got a score of 0.0 out of 5 stars. This site is not",,,
,10000,,,,,,,corpus_topic_search,24,,,,0.1857921819717917,,,,,,,,,,,,,,,,,river bank,3.0,,,,,,2489.0,2489.0,,,,,,,,,,,,,,,,TF-IDF,,,,,1.0,,,,,,,,,,"Designed by Chester’s famous architect John Douglas, and erected in 1897 for the Bank of Liverpool Limited. Their name and logo showing the Liver Bird, is carved into the woodwork under the first floor bay window. The bank later acquired Martin’s Bank in 1918, and itself was bought by Barclays in 1969 and this branch was eventually closed. Published in The Building News, October 19, 1901.",,,
,10000,,,,,,,corpus_topic_search,24,,,,0.17015653076947027,,,,,,,,,,,,,,,,,river bank,4.0,,,,,,6657.0,6657.0,,,,,,,,,,,,,,,,TF-IDF,,,,,1.0,,,,,,,,,,"Tucked away along the picturesque Dong Van Karst Plateau, the winding Nho Que River flows like green thread shimmering north from heaven. It runs along the border for 16.4 km then into Vietnam through Lung Cu Commune in Ha Giang into Gam River in Cao Bang Province. Visiting Nho Que River and simply taking a local boat to immerse in the splendid and terrific beauty of Nho Que River. Furthermore, it is a precious chance to capture some ma",,,
,10000,,,,,,,corpus_topic_search,24,,,,0.16813574314143703,,,,,,,,,,,,,,,,,river bank,5.0,,,,,,9828.0,9828.0,,,,,,,,,,,,,,,,TF-IDF,,,,,1.0,,,,,,,,,,"fuel oil which was found to be issued on a closed account. A search warrant was served on Woodforest National Bank for the bank records pertaining to JOHNSON's account. Bank records from Woodforest National Bank shows that Johnson's account was closed on January 17, 2010.",,,
,10000,55085.0,,,,,1.1338884999859147,dimension_summary,20,,,,,,,,,,,,,,,,61.36276980000548,62.496658299991395,,disk,,,,,,,,,,,,,50.0,,,,,,,3.0,3.0,0.6666666666666666,0.6666666666666666,,,Word2Vec-50,,,,,,,,20.0,20.0,0.1,0.15,0.1326415749376047,0.13154648767857288,2.936680000038905,,21.013259887695312,22.604039192199707,
,10000,55085.0,,,,,1.2474657999700867,dimension_summary,20,,,,,,,,,,,,,,,,45.11642169998959,46.363887499959674,,disk,,,,,,,,,,,,,100.0,,,,,,,3.0,3.0,0.6666666666666666,0.6666666666666666,,,Word2Vec-100,,,,,,,,20.0,20.0,0.1,0.15,0.13438978026212972,0.13154648767857288,1.2321749999500753,,42.026519775390625,43.61730194091797,
,10000,55085.0,,,,,1.2189843999803998,dimension_summary,20,,,,,,,,,,,,,,,,76.86809790000552,78.08708229998592,,disk,,,,,,,,,,,,,300.0,,,,,,,3.0,3.0,0.6666666666666666,0.6666666666666666,,,Word2Vec-300,,,,,,,,20.0,20.0,0.1,0.15,0.13540371802198034,0.13154648767857288,1.4798649998738256,,126.07955932617188,127.6703462600708,
,10000,,,,,,,word_similarity_evaluation,21,doctor — physician,doctor,physician,0.725058376789093,OK,,,,,,,,,,,,,,,,,1.0,,,,,,,,,,,,,,,,,,,,,,,,,,,,,,,,,,,,,,,,,Gần nghĩa: đều chỉ bác sĩ
,10000,,,,,,,word_similarity_evaluation,21,king — queen,king,queen,0.6343807578086853,OK,,,,,,,,,,,,,,,,,2.0,,,,,,,,,,,,,,,,,,,,,,,,,,,,,,,,,,,,,,,,,"Quan hệ hoàng gia, khác giới tính/vai trò"
,10000,,,,,,,word_similarity_evaluation,21,cat — dog,cat,dog,0.5778173804283142,OK,,,,,,,,,,,,,,,,,3.0,,,,,,,,,,,,,,,,,,,,,,,,,,,,,,,,,,,,,,,,,"Cùng nhóm động vật, không đồng nghĩa"
,10000,,,,,,,word_similarity_evaluation,21,doctor — hospital,doctor,hospital,0.5331318378448486,OK,,,,,,,,,,,,,,,,,4.0,,,,,,,,,,,,,,,,,,,,,,,,,,,,,,,,,,,,,,,,,"Cùng chủ đề y tế, khác loại thực thể"
,10000,,,,,,,word_similarity_evaluation,21,car — automobile,car,automobile,0.334278404712677,OK,,,,,,,,,,,,,,,,,5.0,,,,,,,,,,,,,,,,,,,,,,,,,,,,,,,,,,,,,,,,,Gần nghĩa: đều chỉ ô tô
,10000,,,,,,,word_similarity_evaluation,21,computer — banana,computer,banana,0.025674177333712578,OK,,,,,,,,,,,,,,,,,6.0,,,,,,,,,,,,,,,,,,,,,,,,,,,,,,,,,,,,,,,,,Ít liên quan về nghĩa
